order_barcode,b2b_order_barcode,order_date,customer_email,first_name,last_name,mobile_no,company_name,address_line1,address_line2,city,state,country,pincode,product_name,shipping_amount,pub_com_percent,whuso_income,B2B_Net_Payable_Amount,subscription,qty_ordered,sub_issues,price,gift_name,publisher_name,payment_mode,utr_no,commision_percent,amount_payable,grand_total
7200,,"01-05-2026",roni.morekar@gmail.com,Ronika,Malkar,8850241487,"",37 Goolestan Blg Cuffe Parade Colaba,Mumbai,Mumbai,Maharashtra,IN,400005,test product,"0.00","15.00","0.75000000","4.25000000","[{""Subscription"":""1 Year Print""}]",1,12,"1.00",NA,Anu Test Developer Account,Cc Avenue,,"25.00",,"1.00"
7201,B2B-6841,"01-05-2026",roni.morekar@gmail.com,Ronika,Malkar,8850241487,"",37 Goolestan Blg Cuffe Parade Colaba,Mumbai,Mumbai,Maharashtra,IN,400005,test product,"0.00","15.00","0.75000000","4.25000000","[{""Subscription"":""1 Year Print""}]",1,12,"1.00",NA,Anu Test Developer Account,Cc Avenue,,"25.00",,"1.00"
7202,B2B-6842,"01-05-2026",trainingapps.subhash@gmail.com,Subhash,Perumalsamy,9500297926,"","139, 8th Avenue, casa grand Urbano,",Vengadamangalam,Chennai,Tamil Nadu,IN,600127,Electronics For You,"0.00","20.00","240.00000000","960.00000000","[{""Subscription"":""1 Year""}]",1,12,"960.00",NA,EFY Enterprises Pvt Ltd,Cc Avenue, IN42613459414322,"20.00","768.00","960.00"
7203,B2B-6843,"01-05-2026",adarsh10@gmail.com,Adarsh,Mohan,9518749844,"","A-905, Yuthika Society, Virbhadra Nagar",Baner,Pune,Maharashtra,IN,411045,Champak English,"0.00","15.00","234.00000000","1326.00000000","[{""Subscription"":""1 Year Print""}]",1,24,"1440.00",NA,Delhi Prakashan Vitran Pte Ltd,Cc Avenue,IN42614052950285,"15.00","1224.00","1990.00"
7203,B2B-6844,"01-05-2026",adarsh10@gmail.com,Adarsh,Mohan,9518749844,"","A-905, Yuthika Society, Virbhadra Nagar",Baner,Pune,Maharashtra,IN,411045,National Geographic Kids,"0.00","15.00","108.00000000","612.00000000","[{""Subscription"":""1 Year""}]",1,12,"550.00",NA,MM PUBLICATIONS LTD,Cc Avenue,IN42613257836805,"15.00","467.50","1990.00"
7205,B2B-6845,"02-05-2026",roni.morekar@gmail.com,Ronika,Malkar,8850241487,"",37 Goolestan Blg Cuffe Parade Colaba,Mumbai ,Mumbai,Maharashtra,IN,400005,Watch Time Magazine,"0.00","15.00","90.00000000","510.00000000","[{""Subscription"":""1 Year""}]",1,4,"450.00",NA,Malayala Manorama Co. Ltd,Cheque/Funds Transfer,,"15.00",,"450.00"
7206,B2B-6846,"02-05-2026",roshansharmalib@gmail.com,PRINCIPAL,DR INDU SHARMA,9355458990,DAV POLICE PUBLIC SCHOOL HISAR,DAV POLICE PUBLIC SCHOOL,NEW POLICE LINE DELHI ROAD NEAR GJU,Hisar,Haryana,IN,125007,Junior Science Refresher,"530.00","25.00","390.00000000","1700.00000000","[{""Subscription"":""1 Year Print""}]",1,12,"1560.00",NA,Bright Careers Publications,Cc Avenue, IN42614052956903,"25.00","1302.50","2090.00"
7209,B2B-6847,"02-05-2026",spapy2025@gmail.com,THE PRINCIPAL,St.Patrick's Academy,9840310208,"ST. PATRICK'S ACADEMY , PUDUCHERRY","ST  PATRICK'S ACADEMY, BAHOUR ROAD ",NEAR MAHATMA GANDHI HOSPITAL ,PILLAYARKUPPAM ,"",IN,607402,SciKids,"240.00","30.00","282.00000000","898.00000000","[{""Subscription"":""1 Year""}]",1,12,"940.00",NA,i-manager Publishing Limited,Cheque/Funds Transfer,,"30.00",,"940.00"
7210,B2B-6848,"02-05-2026",gaurav.jindal.bits@gmail.com,Gaurav,Jindal,8291998298,"",201 Ekta Heights 16th Road Khar West Mumbai 400052,Opposite Khar Gymkhana,Mumbai,Maharashtra,IN,400052,Champak English,"0.00","15.00","234.00000000","1326.00000000","[{""Subscription"":""1 Year Print""}]",1,24,"1440.00",NA,Delhi Prakashan Vitran Pte Ltd,Cc Avenue,IN42614052950285,"15.00","1224.00","2415.00"
7210,B2B-6849,"02-05-2026",gaurav.jindal.bits@gmail.com,Gaurav,Jindal,8291998298,"",201 Ekta Heights 16th Road Khar West Mumbai 400052,Opposite Khar Gymkhana,Mumbai,Maharashtra,IN,400052,National Geographic Kids,"0.00","15.00","108.00000000","612.00000000","[{""Subscription"":""1 Year""}]",1,12,"550.00",NA,MM PUBLICATIONS LTD,Cc Avenue,IN42613257836805,"15.00",828.75,"2415.00"
7210,B2B-6849,"02-05-2026",gaurav.jindal.bits@gmail.com,Gaurav,Jindal,8291998298,"",201 Ekta Heights 16th Road Khar West Mumbai 400052,Opposite Khar Gymkhana,Mumbai,Maharashtra,IN,400052,Tell Me Why,"0.00","15.00","81.00000000","459.00000000","[{""Subscription"":""1 Year Print""}]",1,12,"425.00",NA,MM PUBLICATIONS LTD,Cc Avenue,IN42613257836805,"15.00",828.75,"2415.00"
7211,B2B-6850,"02-05-2026",manish.arora83@gmail.com,Manish,Arora,7042666323,"","8253 Prestige song of the south, ","Begur Road, Akshaynagar",Bangalore,Karnataka,IN,560068,National Geographic Kids,"0.00","15.00","108.00000000","612.00000000","[{""Subscription"":""1 Year""}]",1,12,"550.00",NA,MM PUBLICATIONS LTD,Cc Avenue,IN42613257836805,"15.00","467.50","550.00"
7213,B2B-6851,"03-05-2026",roni.morekar@gmail.com,Ronika,Malkar,8850241487,"",37 Goolestan Blg Cuffe Parade Colaba,Mumbai,Mumbai,Maharashtra,IN,400005,Watch Time Magazine,"0.00","15.00","90.00000000","510.00000000","[{""Subscription"":""1 Year""}]",1,4,"450.00",NA,Malayala Manorama Co. Ltd,Cheque/Funds Transfer,,"15.00",,"450.00"
7214,B2B-6852,"03-05-2026",roni.morekar@gmail.com,Ronika,Malkar,8850241487,"",37 Goolestan Blg Cuffe Parade Colaba,Mumbai ,Mumbai,Maharashtra,IN,400005,Watch Time Magazine,"0.00","15.00","90.00000000","510.00000000","[{""Subscription"":""1 Year""}]",1,4,"450.00",NA,Malayala Manorama Co. Ltd,Cheque/Funds Transfer,,"15.00",,"450.00"
7215,B2B-6853,"03-05-2026",sijuaajaz@gmail.com,AJAZ,AHMED,8092556336,"","Active Greens Apartment, Flat -1B06, TOWER-1A ","10 paymental garden lane, Tangra ",Kolkata ,West Bengal,IN,700015,Magic Pot,"0.00","15.00","117.00000000","663.00000000","[{""Subscription"":""6 Months""}]",1,26 ,"600.00",NA,MM PUBLICATIONS LTD,Cc Avenue,IN42613257836805,"15.00","510.00","600.00"
7216,B2B-6854,"04-05-2026",njshah.ce1@gmail.com,Nishit,Shah,8055399086,"","4056, Sobha Amethyst, Kannamangala Main Road",Near jain heritage school,Bengaluru,Karnataka,IN,560067,Tell Me Why,"0.00","15.00","40.50000000","229.50000000","[{""Subscription"":""6 Months Print""}]",1,6,"220.00",NA,MM PUBLICATIONS LTD,Cc Avenue,IN42613257836805,"15.00","654.50","770.00"
7216,B2B-6854,"04-05-2026",njshah.ce1@gmail.com,Nishit,Shah,8055399086,"","4056, Sobha Amethyst, Kannamangala Main Road",Near jain heritage school,Bengaluru,Karnataka,IN,560067,National Geographic Kids,"0.00","15.00","108.00000000","612.00000000","[{""Subscription"":""1 Year""}]",1,12,"550.00",NA,MM PUBLICATIONS LTD,Cc Avenue,IN42613257836805,"15.00","654.50","770.00"
7217,B2B-6855,"04-05-2026",njshah.ce1@gmail.com,Nishit,Shah,8055399086,"","4056, Sobha Amethyst, Kannamangala Main Road",Near jain heritage school,Bangalore,Karnataka,IN,560067,Grihshobha Gujarati,"0.00","15.00","108.00000000","612.00000000","[{""Subscription"":""1 Years Print""}]",1,12,"612.00",NA,Delhi Prakashan Vitran Pte Ltd,Cc Avenue,IN42614052950285,"15.00","520.20","612.00"
7218,B2B-6856,"04-05-2026",gowthambalaji.g@gmail.com,Harshav,Anand,9629009692,S/O Kavitha Selvarajan,"No.3 N.R.G. Nagar, Opp to Sri Sri Palamudir nilayam","Thanner pandal, Vilankurichi road",Coimbatore,Tamil Nadu,IN,641004,National Geographic Kids,"0.00","15.00","216.00000000","1224.00000000","[{""Subscription"":""2 Year""}]",1,24,"1000.00",NA,MM PUBLICATIONS LTD,Cc Avenue,IN42613257836805,"15.00","850.00","1000.00"
7219,B2B-6857,"04-05-2026",ronika@indiamags.com,Ronika,M,1234567890,"",Mumbai,Mumbai,Mumbai,Maharashtra,IN,123456,test product,"0.00","15.00","0.75000000","4.25000000","[{""Subscription"":""1 Year Print""}]",1,12,"1.00",NA,Anu Test Developer Account,Cc Avenue,,"25.00",,"1.00"
7221,B2B-6858,"04-05-2026",roni.morekar@gmail.com,Ronika,Malkar,8850241487,"",37 Goolestan Blg Cuffe Parade Colaba,Mumbai,Mumbai,Maharashtra,IN,400005,Watch Time Magazine,"0.00","15.00","90.00000000","510.00000000","[{""Subscription"":""1 Year""}]",1,4,"450.00",NA,Malayala Manorama Co. Ltd,Cheque/Funds Transfer,,"15.00",,"450.00"
7222,B2B-6859,"04-05-2026",ritikasharma2@gmail.com,Ritika,Sharma,9776738558,"","Flat No. 401, Sai Prasad enclave, Palasuni canal road",Rasulgarh,Bhubaneswar,Odisha,IN,751010,Tell Me Why,"0.00","15.00","40.50000000","229.50000000","[{""Subscription"":""6 Months Print""}]",1,6,"220.00",NA,MM PUBLICATIONS LTD,Cc Avenue,IN42613257836805,"15.00","187.00","220.00"
7224,B2B-6860,"05-05-2026",roni.morekar@gmail.com,Ronika,Malkar,8850241487,"",37 Goolestan Blg Cuffe Parade Colaba,Mumbai ,Mumbai,Maharashtra,IN,400005,Watch Time Magazine,"0.00","15.00","90.00000000","510.00000000","[{""Subscription"":""1 Year""}]",1,4,"450.00",NA,Malayala Manorama Co. Ltd,Cheque/Funds Transfer,,"15.00",,"450.00"
7225,B2B-6861,"05-05-2026",ronika@indiamags.com,Ronika,M,1234567890,"",Mumbai,Mumbai,Mumbai,Maharashtra,IN,123456,Champak English,"0.00","15.00","234.00000000","1326.00000000","[{""Subscription"":""1 Year Print""}]",1,24,"1440.00",NA,Delhi Prakashan Vitran Pte Ltd,Cheque/Funds Transfer,,"15.00",,"1440.00"
7226,B2B-6862,"05-05-2026",care@indiamags.com,Ronika,Morekar ,8888888888,"",Test,Test,Mumbai ,Maharashtra,IN,400005,test product,"0.00","15.00","0.75000000","4.25000000","[{""Subscription"":""1 Year Print""}]",1,12,"1.00",NA,Anu Test Developer Account,Cheque/Funds Transfer,,"25.00",,"1.00"
7230,B2B-6863,"05-05-2026",roni.morekar@gmail.com,Ronika,Malkar,8850241487,"",37 Goolestan Blg Cuffe Parade Colaba,Mumbai ,Mumbai,Maharashtra,IN,400005,Filmfare,"0.00","10.00","120.00000000","1080.00000000","[{""Subscription"":""1 Years""}]",1,12,"1200.00",NA,Worldwide Media Pvt. Ltd.,Cheque/Funds Transfer,,"10.00",,"1200.00"
7232,B2B-6864,"06-05-2026",roni.morekar@gmail.com,Ronika,Malkar,8850241487,"",37 Goolestan Blg Cuffe Parade Colaba,Mumbai ,Mumbai,Maharashtra,IN,400005,Filmfare,"0.00","10.00","120.00000000","1080.00000000","[{""Subscription"":""1 Years""}]",1,12,"1200.00",NA,Worldwide Media Pvt. Ltd.,Cheque/Funds Transfer,,"10.00",,"1200.00"
7234,B2B-6879,"06-05-2026",st.clare99@gmail.com,SR.SELINE MARIA,JOSEPHINE,7054747699,ST. CLARE'S CONVENT SCHOOL,"STCLARES CONVENT SCHOOL, HARDOI ROAD, KAKORI P.O, LUCKNOW",DASHAARI MODE,Lucknow,Uttar Pradesh,IN,226101,Champak English,"0.00","15.00","590.40000000","3345.60000000","[{""Subscription"":""2 Year Print""}]",1,48,"3156.00",NA,Delhi Prakashan Vitran Pte Ltd,Cc Avenue,IN42614052950285,"15.00","2682.60","19915.50"
7234,B2B-6880,"06-05-2026",st.clare99@gmail.com,SR.SELINE MARIA,JOSEPHINE,7054747699,ST. CLARE'S CONVENT SCHOOL,"STCLARES CONVENT SCHOOL, HARDOI ROAD, KAKORI P.O, LUCKNOW",DASHAARI MODE,Lucknow,Uttar Pradesh,IN,226101,Competition Success Review English,"0.00","18.00","648.00000000","2952.00000000","[{""Subscription"":""2 Years""}]",1,24,"2280.00",NA,COMPETITION REVIEW PVT LTD,Cc Avenue,  IN42614052953063,"18.00","1869.60","19915.50"
7234,B2B-6881,"06-05-2026",st.clare99@gmail.com,SR.SELINE MARIA,JOSEPHINE,7054747699,ST. CLARE'S CONVENT SCHOOL,"STCLARES CONVENT SCHOOL, HARDOI ROAD, KAKORI P.O, LUCKNOW",DASHAARI MODE,Lucknow,Uttar Pradesh,IN,226101,Readers Digest India,"0.00","11.00","495.00000000","4005.00000000","[{""Subscription"":""3 Year""}]",1,36 ,"3199.00",NA,Living Media India Ltd.- Reader's Digest,Cc Avenue,IN42613459406399,"11.00",2847.11,"19915.50"
7234,B2B-6882,"06-05-2026",st.clare99@gmail.com,SR.SELINE MARIA,JOSEPHINE,7054747699,ST. CLARE'S CONVENT SCHOOL,"STCLARES CONVENT SCHOOL, HARDOI ROAD, KAKORI P.O, LUCKNOW",DASHAARI MODE,Lucknow,Uttar Pradesh,IN,226101,Down To Earth,"2880.00","10.00","576.00000000","8064.00000000","[{""Subscription"":""3 Years For School, NGOs & Individuals Only""}]",1,72,"2880.00",NA,Society for Environmental Communications,Cc Avenue,IN42614555871585,"10.00","5472.00","19915.50"
7234,B2B-6883,"06-05-2026",st.clare99@gmail.com,SR.SELINE MARIA,JOSEPHINE,7054747699,ST. CLARE'S CONVENT SCHOOL,"STCLARES CONVENT SCHOOL, HARDOI ROAD, KAKORI P.O, LUCKNOW",DASHAARI MODE,Lucknow,Uttar Pradesh,IN,226101,Pratiyogita Darpan English,"520.00","10.00","304.00000000","3256.00000000","[{""Subscription"":""2 Years Reg. Post""}]",1,24,"3040.00",NA,Pratiyogita Darpan,Cc Avenue,,"10.00","2788.00","19915.50"
7234,B2B-6884,"06-05-2026",st.clare99@gmail.com,SR.SELINE MARIA,JOSEPHINE,7054747699,ST. CLARE'S CONVENT SCHOOL,"STCLARES CONVENT SCHOOL, HARDOI ROAD, KAKORI P.O, LUCKNOW",DASHAARI MODE,Lucknow,Uttar Pradesh,IN,226101,Junior Science Refresher,"530.00","25.00","390.00000000","1700.00000000","[{""Subscription"":""1 Year Print""}]",1,12,"1560.00",NA,Bright Careers Publications,Cc Avenue, IN42614052956903,"25.00","1302.50","19915.50"
7242,B2B-6885,"06-05-2026",ronika@indiamags.com,Ronika,M,1234567890,"",Mumbai,Mumbai,Mumbai,Maharashtra,IN,123456,test product,"0.00","15.00","0.75000000","4.25000000","[{""Subscription"":""1 Year Print""}]",1,12,"1.00",NA,Anu Test Developer Account,Cc Avenue,,"25.00",,"1.00"
7243,B2B-6886,"06-05-2026",care@indiamags.com,Swapneel,Fephade,9082845869,Toyota Lakozy Auto Pvt. Ltd.,"Near Aanjaney Weight Bridge, Varangade Village,","Boisar Palghar Road,",Palghar ,Maharashtra,IN,401501,Femina,"0.00","10.00","120.00000000","1080.00000000","[{""Subscription"":""1 Year""}]",1,12,"1200.00",NA,Worldwide Media Pvt. Ltd.,Cheque/Funds Transfer,,"10.00","1020.00","5560.00"
7243,B2B-6887,"06-05-2026",care@indiamags.com,Swapneel,Fephade,9082845869,Toyota Lakozy Auto Pvt. Ltd.,"Near Aanjaney Weight Bridge, Varangade Village,","Boisar Palghar Road,",Palghar ,Maharashtra,IN,401501,Autocar India,"0.00","15.00","360.00000000","2040.00000000","[{""Subscription"":""1 Year Reg.Post""}]",1,12,"1320.00",50% CASH DISCOUNT + GET COPY THROUGH REGISTERED POST,Motowalks Technologies Private Limited,Cheque/Funds Transfer,,"15.00","1122.00","5560.00"
7243,B2B-6888,"06-05-2026",care@indiamags.com,Swapneel,Fephade,9082845869,Toyota Lakozy Auto Pvt. Ltd.,"Near Aanjaney Weight Bridge, Varangade Village,","Boisar Palghar Road,",Palghar ,Maharashtra,IN,401501,India Today,"0.00","10.00","520.00000000","4680.00000000","[{""Subscription"":""1 Year Print""}]",1,52,"3299.00",NA,Living Media India Ltd,Cheque/Funds Transfer,IN42613459406399,"10.00","2969.10","5560.00"
7244,B2B-6889,"06-05-2026",care@indiamags.com,Mayur ,Jadhav,8108098849,Toyota Lakozy Auto Pvt. Ltd.,"1, mahal industrial estate,","Mahakali cave road, Andheri east",Mumbai Suburban,Maharashtra,IN,400093,Femina,"0.00","10.00","120.00000000","1080.00000000","[{""Subscription"":""1 Year""}]",1,12,"1200.00",NA,Worldwide Media Pvt. Ltd.,Cheque/Funds Transfer,,"10.00","1020.00","5560.00"
7244,B2B-6890,"06-05-2026",care@indiamags.com,Mayur ,Jadhav,8108098849,Toyota Lakozy Auto Pvt. Ltd.,"1, mahal industrial estate,","Mahakali cave road, Andheri east",Mumbai Suburban,Maharashtra,IN,400093,Autocar India,"0.00","15.00","360.00000000","2040.00000000","[{""Subscription"":""1 Year Reg.Post""}]",1,12,"1320.00",50% CASH DISCOUNT + GET COPY THROUGH REGISTERED POST,Motowalks Technologies Private Limited,Cheque/Funds Transfer,,"15.00","1122.00","5560.00"
7244,B2B-6891,"06-05-2026",care@indiamags.com,Mayur ,Jadhav,8108098849,Toyota Lakozy Auto Pvt. Ltd.,"1, mahal industrial estate,","Mahakali cave road, Andheri east",Mumbai Suburban,Maharashtra,IN,400093,India Today,"0.00","10.00","520.00000000","4680.00000000","[{""Subscription"":""1 Year Print""}]",1,52,"3299.00",NA,Living Media India Ltd,Cheque/Funds Transfer,IN42613459406399,"10.00","2969.10","5560.00"
7245,B2B-6892,"06-05-2026",care@indiamags.com,Umesh ,Tambuskar,7208006024,Toyota Lakozy Auto Pvt. Ltd.,"1, 2, Building No. 7, Rajprabha Landmark Industrial Estate,","Bhoidapada, Vasai,",Palghar,Maharashtra,IN,401208,Femina,"0.00","10.00","120.00000000","1080.00000000","[{""Subscription"":""1 Year""}]",1,12,"1200.00",NA,Worldwide Media Pvt. Ltd.,Cheque/Funds Transfer,,"10.00","1020.00","5560.00"
7245,B2B-6893,"06-05-2026",care@indiamags.com,Umesh ,Tambuskar,7208006024,Toyota Lakozy Auto Pvt. Ltd.,"1, 2, Building No. 7, Rajprabha Landmark Industrial Estate,","Bhoidapada, Vasai,",Palghar,Maharashtra,IN,401208,Autocar India,"0.00","15.00","360.00000000","2040.00000000","[{""Subscription"":""1 Year Reg.Post""}]",1,12,"1320.00",50% CASH DISCOUNT + GET COPY THROUGH REGISTERED POST,Motowalks Technologies Private Limited,Cheque/Funds Transfer,,"15.00","1122.00","5560.00"
7245,B2B-6894,"06-05-2026",care@indiamags.com,Umesh ,Tambuskar,7208006024,Toyota Lakozy Auto Pvt. Ltd.,"1, 2, Building No. 7, Rajprabha Landmark Industrial Estate,","Bhoidapada, Vasai,",Palghar,Maharashtra,IN,401208,India Today,"0.00","10.00","520.00000000","4680.00000000","[{""Subscription"":""1 Year Print""}]",1,52,"3299.00",NA,Living Media India Ltd,Cheque/Funds Transfer,IN42613459406399,"10.00","2969.10","5560.00"
7247,B2B-6895,"06-05-2026",care@indiamags.com,Ravindra,Mandal,9152049943,Toyota Lakozy Auto Pvt. Ltd.,"Shop No.5, Amisha Empire,","Mira Bhayandar Road, Mira Road East, Mira Bhayandar, ",Thane,Maharashtra,IN,401107,Femina,"0.00","10.00","120.00000000","1080.00000000","[{""Subscription"":""1 Year""}]",1,12,"1200.00",NA,Worldwide Media Pvt. Ltd.,Cheque/Funds Transfer,,"10.00","1020.00","5560.00"
7247,B2B-6896,"06-05-2026",care@indiamags.com,Ravindra,Mandal,9152049943,Toyota Lakozy Auto Pvt. Ltd.,"Shop No.5, Amisha Empire,","Mira Bhayandar Road, Mira Road East, Mira Bhayandar, ",Thane,Maharashtra,IN,401107,Autocar India,"0.00","15.00","360.00000000","2040.00000000","[{""Subscription"":""1 Year Reg.Post""}]",1,12,"1320.00",50% CASH DISCOUNT + GET COPY THROUGH REGISTERED POST,Motowalks Technologies Private Limited,Cheque/Funds Transfer,,"15.00","1122.00","5560.00"
7247,B2B-6897,"06-05-2026",care@indiamags.com,Ravindra,Mandal,9152049943,Toyota Lakozy Auto Pvt. Ltd.,"Shop No.5, Amisha Empire,","Mira Bhayandar Road, Mira Road East, Mira Bhayandar, ",Thane,Maharashtra,IN,401107,India Today,"0.00","10.00","520.00000000","4680.00000000","[{""Subscription"":""1 Year Print""}]",1,52,"3299.00",NA,Living Media India Ltd,Cheque/Funds Transfer,IN42613459406399,"10.00","2969.10","5560.00"
7246,B2B-6898,"06-05-2026",akshiashok@gmail.com,Aksh,A,9994622792,"","Plot No 12 and 13, EMD Nagar Extension",Sikkandar Chavadi,Madurai,Tamil Nadu,IN,625018,INDIAN LITERATURE Journal,"0.00","25.00","125.00000000","375.00000000","[{""Subscription"":""1 Year""}]",1,6,"500.00",NA,Sahitya Akademi,Cc Avenue,IN42614555869314,"25.00","375.00","500.00"
7248,B2B-6899,"06-05-2026",care@indiamags.com,Ravindra,Mandal,9152049943,Toyota Lakozy Auto Pvt. Ltd.,"Plot No.13/2, Mira Road, Mira Co-operative Industrial Estate, ","Mira Gaonthan, Mira Bhayandar, ",Thane,Maharashtra,IN,401107,Femina,"0.00","10.00","120.00000000","1080.00000000","[{""Subscription"":""1 Year""}]",1,12,"1200.00",NA,Worldwide Media Pvt. Ltd.,Cheque/Funds Transfer,,"10.00","1020.00","5560.00"
7248,B2B-6900,"06-05-2026",care@indiamags.com,Ravindra,Mandal,9152049943,Toyota Lakozy Auto Pvt. Ltd.,"Plot No.13/2, Mira Road, Mira Co-operative Industrial Estate, ","Mira Gaonthan, Mira Bhayandar, ",Thane,Maharashtra,IN,401107,Autocar India,"0.00","15.00","360.00000000","2040.00000000","[{""Subscription"":""1 Year Reg.Post""}]",1,12,"1320.00",50% CASH DISCOUNT + GET COPY THROUGH REGISTERED POST,Motowalks Technologies Private Limited,Cheque/Funds Transfer,,"15.00","1122.00","5560.00"
7248,B2B-6901,"06-05-2026",care@indiamags.com,Ravindra,Mandal,9152049943,Toyota Lakozy Auto Pvt. Ltd.,"Plot No.13/2, Mira Road, Mira Co-operative Industrial Estate, ","Mira Gaonthan, Mira Bhayandar, ",Thane,Maharashtra,IN,401107,India Today,"0.00","10.00","520.00000000","4680.00000000","[{""Subscription"":""1 Year Print""}]",1,52,"3299.00",NA,Living Media India Ltd,Cheque/Funds Transfer,IN42613459406399,"10.00","2969.10","5560.00"
7249,B2B-6902,"06-05-2026",care@indiamags.com,Yatin,patange,9136664479,Toyota Lakozy Auto Pvt. Ltd.,"Ground Floor, Shop No. 3, Rosa Vista, Kavesar Waghbil, ","Ghodbunder Road, Opposite Suraj Water Park, Thane west, ",Thane,Maharashtra,IN,400615,Femina,"0.00","10.00","120.00000000","1080.00000000","[{""Subscription"":""1 Year""}]",1,12,"1200.00",NA,Worldwide Media Pvt. Ltd.,Cheque/Funds Transfer,,"10.00","1020.00","5560.00"
7249,B2B-6903,"06-05-2026",care@indiamags.com,Yatin,patange,9136664479,Toyota Lakozy Auto Pvt. Ltd.,"Ground Floor, Shop No. 3, Rosa Vista, Kavesar Waghbil, ","Ghodbunder Road, Opposite Suraj Water Park, Thane west, ",Thane,Maharashtra,IN,400615,Autocar India,"0.00","15.00","360.00000000","2040.00000000","[{""Subscription"":""1 Year Reg.Post""}]",1,12,"1320.00",50% CASH DISCOUNT + GET COPY THROUGH REGISTERED POST,Motowalks Technologies Private Limited,Cheque/Funds Transfer,,"15.00","1122.00","5560.00"
7249,B2B-6904,"06-05-2026",care@indiamags.com,Yatin,patange,9136664479,Toyota Lakozy Auto Pvt. Ltd.,"Ground Floor, Shop No. 3, Rosa Vista, Kavesar Waghbil, ","Ghodbunder Road, Opposite Suraj Water Park, Thane west, ",Thane,Maharashtra,IN,400615,India Today,"0.00","10.00","520.00000000","4680.00000000","[{""Subscription"":""1 Year Print""}]",1,52,"3299.00",NA,Living Media India Ltd,Cheque/Funds Transfer,IN42613459406399,"10.00","2969.10","5560.00"
7250,B2B-6905,"06-05-2026",care@indiamags.com,Yatin,patange,9136664479,Toyota Lakozy Auto Pvt. Ltd.,"Godown No. 3 and 4, Kothari Warehouse,","Gladyes Alvares marg, Manpada,",Thane,Maharashtra,IN,400610,Femina,"0.00","10.00","120.00000000","1080.00000000","[{""Subscription"":""1 Year""}]",1,12,"1200.00",NA,Worldwide Media Pvt. Ltd.,Cheque/Funds Transfer,,"10.00","1020.00","5560.00"
7250,B2B-6906,"06-05-2026",care@indiamags.com,Yatin,patange,9136664479,Toyota Lakozy Auto Pvt. Ltd.,"Godown No. 3 and 4, Kothari Warehouse,","Gladyes Alvares marg, Manpada,",Thane,Maharashtra,IN,400610,Autocar India,"0.00","15.00","360.00000000","2040.00000000","[{""Subscription"":""1 Year Reg.Post""}]",1,12,"1320.00",50% CASH DISCOUNT + GET COPY THROUGH REGISTERED POST,Motowalks Technologies Private Limited,Cheque/Funds Transfer,,"15.00","1122.00","5560.00"
7250,B2B-6907,"06-05-2026",care@indiamags.com,Yatin,patange,9136664479,Toyota Lakozy Auto Pvt. Ltd.,"Godown No. 3 and 4, Kothari Warehouse,","Gladyes Alvares marg, Manpada,",Thane,Maharashtra,IN,400610,India Today,"0.00","10.00","520.00000000","4680.00000000","[{""Subscription"":""1 Year Print""}]",1,52,"3299.00",NA,Living Media India Ltd,Cheque/Funds Transfer,IN42613459406399,"10.00","2969.10","5560.00"
7251,B2B-6908,"06-05-2026",care@indiamags.com,Tushar,Mane,9699288569,Toyota Lakozy Auto Pvt. Ltd.,"Plot No. 57/1, , Shill Road,","Padle Village, Shilphata, Kalyan,",Thane,Maharashtra,IN,421204,Femina,"0.00","10.00","120.00000000","1080.00000000","[{""Subscription"":""1 Year""}]",1,12,"1200.00",NA,Worldwide Media Pvt. Ltd.,Cheque/Funds Transfer,,"10.00","1020.00","5560.00"
7251,B2B-6909,"06-05-2026",care@indiamags.com,Tushar,Mane,9699288569,Toyota Lakozy Auto Pvt. Ltd.,"Plot No. 57/1, , Shill Road,","Padle Village, Shilphata, Kalyan,",Thane,Maharashtra,IN,421204,Autocar India,"0.00","15.00","360.00000000","2040.00000000","[{""Subscription"":""1 Year Reg.Post""}]",1,12,"1320.00",50% CASH DISCOUNT + GET COPY THROUGH REGISTERED POST,Motowalks Technologies Private Limited,Cheque/Funds Transfer,,"15.00","1122.00","5560.00"
7251,B2B-6910,"06-05-2026",care@indiamags.com,Tushar,Mane,9699288569,Toyota Lakozy Auto Pvt. Ltd.,"Plot No. 57/1, , Shill Road,","Padle Village, Shilphata, Kalyan,",Thane,Maharashtra,IN,421204,India Today,"0.00","10.00","520.00000000","4680.00000000","[{""Subscription"":""1 Year Print""}]",1,52,"3299.00",NA,Living Media India Ltd,Cheque/Funds Transfer,IN42613459406399,"10.00","2969.10","5560.00"
7251,B2B-6910,"06-05-2026",care@indiamags.com,Tushar,Mane,9699288569,Toyota Lakozy Auto Pvt. Ltd.,"Plot No. 57/1, , Shill Road,","Padle Village, Shilphata, Kalyan,",Thane,Maharashtra,IN,421204,India Today,"0.00","10.00","520.00000000","4680.00000000","[{""Subscription"":""1 Year Print""}]",1,52,"3299.00",NA,Living Media India Ltd,Cheque/Funds Transfer,,"10.00","2969.10","5560.00"
7251,B2B-6910,"06-05-2026",care@indiamags.com,Tushar,Mane,9699288569,Toyota Lakozy Auto Pvt. Ltd.,"Plot No. 57/1, , Shill Road,","Padle Village, Shilphata, Kalyan,",Thane,Maharashtra,IN,421204,India Today,"0.00","10.00","520.00000000","4680.00000000","[{""Subscription"":""1 Year Print""}]",1,52,"3299.00",NA,Living Media India Ltd,Cheque/Funds Transfer,,"10.00","2969.10","5560.00"
7252,B2B-6911,"06-05-2026",care@indiamags.com,Tanaji,Chavan,9004846026,Toyota Lakozy Auto Pvt. Ltd.," ROYAL GARDEN RESORT, NH NO 8, ","VILLAGE SASUNAVGHAR, TALUKA VASAI,VASAI",Thane,Maharashtra,IN,401208,Femina,"0.00","10.00","120.00000000","1080.00000000","[{""Subscription"":""1 Year""}]",1,12,"1200.00",NA,Worldwide Media Pvt. Ltd.,Cheque/Funds Transfer,,"10.00","1020.00","5560.00"
7252,B2B-6911,"06-05-2026",care@indiamags.com,Tanaji,Chavan,9004846026,Toyota Lakozy Auto Pvt. Ltd.," ROYAL GARDEN RESORT, NH NO 8, ","VILLAGE SASUNAVGHAR, TALUKA VASAI,VASAI",Thane,Maharashtra,IN,401208,Femina,"0.00","10.00","120.00000000","1080.00000000","[{""Subscription"":""1 Year""}]",1,12,"1200.00",NA,Worldwide Media Pvt. Ltd.,Cheque/Funds Transfer,,"10.00","1020.00","5560.00"
7252,B2B-6912,"06-05-2026",care@indiamags.com,Tanaji,Chavan,9004846026,Toyota Lakozy Auto Pvt. Ltd.," ROYAL GARDEN RESORT, NH NO 8, ","VILLAGE SASUNAVGHAR, TALUKA VASAI,VASAI",Thane,Maharashtra,IN,401208,Autocar India,"0.00","15.00","360.00000000","2040.00000000","[{""Subscription"":""1 Year Reg.Post""}]",1,12,"1320.00",50% CASH DISCOUNT + GET COPY THROUGH REGISTERED POST,Motowalks Technologies Private Limited,Cheque/Funds Transfer,,"15.00","1122.00","5560.00"
7252,B2B-6913,"06-05-2026",care@indiamags.com,Tanaji,Chavan,9004846026,Toyota Lakozy Auto Pvt. Ltd.," ROYAL GARDEN RESORT, NH NO 8, ","VILLAGE SASUNAVGHAR, TALUKA VASAI,VASAI",Thane,Maharashtra,IN,401208,India Today,"0.00","10.00","520.00000000","4680.00000000","[{""Subscription"":""1 Year Print""}]",1,52,"3299.00",NA,Living Media India Ltd,Cheque/Funds Transfer,IN42613459406399,"10.00","2969.10","5560.00"
7253,B2B-6914,"06-05-2026",care@indiamags.com,Prakash,Dhanawade,9870709559,Toyota Lakozy Auto Pvt. Ltd.,"504, Link Road, Chincholi bunder,","Opp Goregaon sports club, Malad West,",Mumbai ,Maharashtra,IN,400064,Femina,"0.00","10.00","120.00000000","1080.00000000","[{""Subscription"":""1 Year""}]",1,12,"1200.00",NA,Worldwide Media Pvt. Ltd.,Cheque/Funds Transfer,,"10.00","1020.00","5560.00"
7253,B2B-6915,"06-05-2026",care@indiamags.com,Prakash,Dhanawade,9870709559,Toyota Lakozy Auto Pvt. Ltd.,"504, Link Road, Chincholi bunder,","Opp Goregaon sports club, Malad West,",Mumbai ,Maharashtra,IN,400064,Autocar India,"0.00","15.00","360.00000000","2040.00000000","[{""Subscription"":""1 Year Reg.Post""}]",1,12,"1320.00",50% CASH DISCOUNT + GET COPY THROUGH REGISTERED POST,Motowalks Technologies Private Limited,Cheque/Funds Transfer,,"15.00","1122.00","5560.00"
7253,B2B-6916,"06-05-2026",care@indiamags.com,Prakash,Dhanawade,9870709559,Toyota Lakozy Auto Pvt. Ltd.,"504, Link Road, Chincholi bunder,","Opp Goregaon sports club, Malad West,",Mumbai ,Maharashtra,IN,400064,India Today,"0.00","10.00","520.00000000","4680.00000000","[{""Subscription"":""1 Year Print""}]",1,52,"3299.00",NA,Living Media India Ltd,Cheque/Funds Transfer,IN42613459406399,"10.00","2969.10","5560.00"
7254,B2B-6917,"06-05-2026",care@indiamags.com,Sandeep,Harne,8976893089,Toyota Lakozy Auto Pvt. Ltd.," Ground Floor, Shop No 45, 46, 46A, Runwal Greens, Goregaon Link Road,"," R - Galleria, Nahur (W), Mumbai, Mumbai Suburban,",Mumbai,Maharashtra,IN,400078,Femina,"0.00","10.00","120.00000000","1080.00000000","[{""Subscription"":""1 Year""}]",1,12,"1200.00",NA,Worldwide Media Pvt. Ltd.,Cheque/Funds Transfer,,"10.00","1020.00","5560.00"
7254,B2B-6918,"06-05-2026",care@indiamags.com,Sandeep,Harne,8976893089,Toyota Lakozy Auto Pvt. Ltd.," Ground Floor, Shop No 45, 46, 46A, Runwal Greens, Goregaon Link Road,"," R - Galleria, Nahur (W), Mumbai, Mumbai Suburban,",Mumbai,Maharashtra,IN,400078,Autocar India,"0.00","15.00","360.00000000","2040.00000000","[{""Subscription"":""1 Year Reg.Post""}]",1,12,"1320.00",50% CASH DISCOUNT + GET COPY THROUGH REGISTERED POST,Motowalks Technologies Private Limited,Cheque/Funds Transfer,,"15.00","1122.00","5560.00"
7254,B2B-6919,"06-05-2026",care@indiamags.com,Sandeep,Harne,8976893089,Toyota Lakozy Auto Pvt. Ltd.," Ground Floor, Shop No 45, 46, 46A, Runwal Greens, Goregaon Link Road,"," R - Galleria, Nahur (W), Mumbai, Mumbai Suburban,",Mumbai,Maharashtra,IN,400078,India Today,"0.00","10.00","520.00000000","4680.00000000","[{""Subscription"":""1 Year Print""}]",1,52,"3299.00",NA,Living Media India Ltd,Cheque/Funds Transfer,IN42613459406399,"10.00","2969.10","5560.00"
7255,B2B-6920,"06-05-2026",care@indiamags.com,Sandeep,Harne,8976893089,Toyota Lakozy Auto Pvt. Ltd.,"Unit No. 13 and 14, New Satara Cooperative Housing Society,","Kharghar, Sector 12, Navi Mumbai,",Raigad,Maharashtra,IN,410210,Femina,"0.00","10.00","120.00000000","1080.00000000","[{""Subscription"":""1 Year""}]",1,12,"1200.00",NA,Worldwide Media Pvt. Ltd.,Cheque/Funds Transfer,,"10.00","1020.00","5560.00"
7255,B2B-6921,"06-05-2026",care@indiamags.com,Sandeep,Harne,8976893089,Toyota Lakozy Auto Pvt. Ltd.,"Unit No. 13 and 14, New Satara Cooperative Housing Society,","Kharghar, Sector 12, Navi Mumbai,",Raigad,Maharashtra,IN,410210,Autocar India,"0.00","15.00","360.00000000","2040.00000000","[{""Subscription"":""1 Year Reg.Post""}]",1,12,"1320.00",50% CASH DISCOUNT + GET COPY THROUGH REGISTERED POST,Motowalks Technologies Private Limited,Cheque/Funds Transfer,,"15.00","1122.00","5560.00"
7255,B2B-6922,"06-05-2026",care@indiamags.com,Sandeep,Harne,8976893089,Toyota Lakozy Auto Pvt. Ltd.,"Unit No. 13 and 14, New Satara Cooperative Housing Society,","Kharghar, Sector 12, Navi Mumbai,",Raigad,Maharashtra,IN,410210,India Today,"0.00","10.00","520.00000000","4680.00000000","[{""Subscription"":""1 Year Print""}]",1,52,"3299.00",NA,Living Media India Ltd,Cheque/Funds Transfer,IN42613459406399,"10.00","2969.10","5560.00"
7256,B2B-6923,"06-05-2026",care@indiamags.com,Swapneel,Fephade,9082845869,Toyota Lakozy Auto Pvt. Ltd.,"Unit No.4 , Shri Ram nagar complex , ","Vartak Road Near Railway flyover bridge , Virar West",Virar,Maharashtra,IN,401303,Femina,"0.00","10.00","120.00000000","1080.00000000","[{""Subscription"":""1 Year""}]",1,12,"1200.00",NA,Worldwide Media Pvt. Ltd.,Cheque/Funds Transfer,,"10.00","1020.00","5560.00"
7256,B2B-6924,"06-05-2026",care@indiamags.com,Swapneel,Fephade,9082845869,Toyota Lakozy Auto Pvt. Ltd.,"Unit No.4 , Shri Ram nagar complex , ","Vartak Road Near Railway flyover bridge , Virar West",Virar,Maharashtra,IN,401303,Autocar India,"0.00","15.00","360.00000000","2040.00000000","[{""Subscription"":""1 Year Reg.Post""}]",1,12,"1320.00",50% CASH DISCOUNT + GET COPY THROUGH REGISTERED POST,Motowalks Technologies Private Limited,Cheque/Funds Transfer,,"15.00","1122.00","5560.00"
7256,B2B-6925,"06-05-2026",care@indiamags.com,Swapneel,Fephade,9082845869,Toyota Lakozy Auto Pvt. Ltd.,"Unit No.4 , Shri Ram nagar complex , ","Vartak Road Near Railway flyover bridge , Virar West",Virar,Maharashtra,IN,401303,India Today,"0.00","10.00","520.00000000","4680.00000000","[{""Subscription"":""1 Year Print""}]",1,52,"3299.00",NA,Living Media India Ltd,Cheque/Funds Transfer,IN42613459406399,"10.00","2969.10","5560.00"
7257,B2B-6926,"06-05-2026",vinodhkannan.d@gmail.com,Vinodh Kannan,Devadoss,9342619940,"",A501 Radiance Mandarin Apartments,"OMR 200 Feet Radial Road, Okkiyam Thoraipakkam",Chennai,Tamil Nadu,IN,600097,National Geographic Kids,"0.00","15.00","108.00000000","612.00000000","[{""Subscription"":""1 Year""}]",1,12,"550.00",NA,MM PUBLICATIONS LTD,Cc Avenue,IN42613257836805,"15.00","467.50","550.00"
7260,B2B-6927,"07-05-2026",saravankumarjk@gmail.com,Saravan,Kumar,9962181542,"","3/18A, Thanigai Street","Rajaji Nagar, Villivakkam ",Chennai,Tamil Nadu,IN,600049,National Geographic Kids,"0.00","15.00","108.00000000","612.00000000","[{""Subscription"":""1 Year""}]",1,12,"550.00",NA,MM PUBLICATIONS LTD,Cc Avenue,IN42613257836805,"15.00","467.50","550.00"
7261,B2B-6928,"07-05-2026",ronika@indiamags.com,Ronika,M,1234567890,"",Mumbai,Mumbai,Mumbai,Maharashtra,IN,123456,Car India,"0.00","20.00","432.00000000","1728.00000000","[{""Subscription"":""1 Year""}]",1,12,"1620.00",NA,Next Gen Publishing Ltd,Cheque/Funds Transfer,,"20.00",,"1620.00"
7262,B2B-6929,"07-05-2026",globesubage@gmail.com,Shiva,Shiva Prasad Renewal ,9959900290,Globe Subscription Agency,"3-4-870/1,","Barkatpura,",Hyderabad,Telangana,IN,500027,The Economist,"0.00","30.00","5370.00000000","12530.00000000","[{""Subscription"":""1 Year Print + 1 Year Digital""}]",1,51,"13962.00",NA,The Economist Newspaper Limited,Cheque/Funds Transfer,,"30.00",,"13962.00"
7263,B2B-6930,"07-05-2026",globesubage@gmail.com,Mr. Mahateja,Renewal ,9959900290,Globe Subscription Agency,"3-4-870/1, ","Barkatpura,",Hyderabad,Telangana,IN,500027,The Economist,"0.00","30.00","5370.00000000","12530.00000000","[{""Subscription"":""1 Year Print + 1 Year Digital""}]",1,51,"13962.00",NA,The Economist Newspaper Limited,Cheque/Funds Transfer,,"30.00",,"13962.00"
7264,B2B-6931,"07-05-2026",globesubage@gmail.com,Miss.Nikhila ,Renewal ,9959900290,Globe Subscription Agency,"3-4-870/1,","Barkatpura,",Hyderabad,Telangana,IN,500027,The Economist,"0.00","30.00","5370.00000000","12530.00000000","[{""Subscription"":""1 Year Print + 1 Year Digital""}]",1,51,"13962.00",NA,The Economist Newspaper Limited,Cheque/Funds Transfer,,"30.00",,"13962.00"
7265,B2B-6932,"07-05-2026",globesubage@gmail.com,Mr. Ram,Prasad Renewal ,9959900290,Globe Subscription Agency,3-4-870/1,Barkatpura,Hyderabad,Telangana,IN,500027,The Economist,"0.00","30.00","5370.00000000","12530.00000000","[{""Subscription"":""1 Year Print + 1 Year Digital""}]",1,51,"13962.00",NA,The Economist Newspaper Limited,Cheque/Funds Transfer,,"30.00",,"13962.00"
7266,B2B-6933,"07-05-2026",globesubage@gmail.com,Mr. Durga ,Prasad Renewal ,9959900290,Globe Subscription Agency,3-4-870/1,"Barkatpura,",Hyderabad,Telangana,IN,500027,The Economist,"0.00","30.00","5370.00000000","12530.00000000","[{""Subscription"":""1 Year Print + 1 Year Digital""}]",1,51,"13962.00",NA,The Economist Newspaper Limited,Cheque/Funds Transfer,,"30.00",,"13962.00"
7267,B2B-6934,"07-05-2026",globesubage@gmail.com,Mr. Sampath,Babu Renewal ,9959900290,Globe Subscription Agency,3-4-870/1,"Barkatpura,",Hyderabad,Telangana,IN,500027,The Economist,"0.00","30.00","5370.00000000","12530.00000000","[{""Subscription"":""1 Year Print + 1 Year Digital""}]",1,51,"13962.00",NA,The Economist Newspaper Limited,Cheque/Funds Transfer,,"30.00",,"13962.00"
7268,B2B-6935,"07-05-2026",usefulbookservice@gmail.com,SANJAY MISHRA,LIBRARIAN RENEWAL,9839787237,IILM ACADEMY OF HIGHER LEARNING,"VIRAJ KHAND,","GOMTI NAGAR,",LUCKNOW,Uttar Pradesh,IN,226010,Harvard Business Review  Magazine Digital and Print,"0.00","10.00","930.00000000","8370.00000000","[{""Subscription"":""1 Year Print +digital""}]",1,6 ,"9300.00",NA,Living Media India Ltd HBR,Cheque/Funds Transfer,  IN42613358725273,"10.00","8370.00","9114.00"
7269,B2B-6936,"07-05-2026",mallojuvenkatesh@yahoo.com,Chandrika,Malloju,9490492427,"","Flat no. 402, Road no 5 , Buddha nagar",Boduppal,Hyderabad ,Telangana,IN,500092,Champak English,"0.00","15.00","234.00000000","1326.00000000","[{""Subscription"":""1 Year Print""}]",1,24,"1440.00",NA,Delhi Prakashan Vitran Pte Ltd,Cc Avenue,IN42614052950285,"15.00","1224.00","1440.00"
7270,B2B-6937,"07-05-2026",interiorloversindia@gmail.com,Bishwarup,Pathak,9430920205,"",Ceramic Junction Patna LLP,By Pass 70 Feet BPCL Road Patna,Patna,"",IN,800002,Architect And Interiors India Magazine,"0.00","15.00","360.00000000","2040.00000000","[{""Subscription"":""1 Year Print""}]",1,12,"2400.00",NA,ITP MEDIA (INDIA) PVT LTD,Cc Avenue,IN42613459409906,"15.00","2040.00","2400.00"
7271,B2B-6938,"08-05-2026",penmetsa.amulyaa@gmail.com,Kalidindi ,Varma,9959756788,"","RRheights apartment, flat402, ASR nagar near water tankBhimavaram",Bhimavaram 2,Bhimavaram ,Andhra Pradesh,IN,534202,National Geographic Kids,"0.00","15.00","108.00000000","612.00000000","[{""Subscription"":""1 Year""}]",1,12,"600.00",NA,MM PUBLICATIONS LTD,Cc Avenue,,"15.00","510.00","576.00"
7273,B2B-6939,"08-05-2026",care@indiamags.com,Miss ,Amrita,8042071641,PRAGATHI GROUP,"108F - 9, 6th Cross, 2nd Main,","HGH Layout, New Airport Road, CBI Office, Ganganagar,",Bangalore,Karnataka,IN,560032,Architectural Digest Magazine,"0.00","15.00","270.00000000","1530.00000000","[{""Subscription"":""1 Year Print""}]",1,6,"1500.00",NA,Conde Nast India Pvt Ltd,Cheque/Funds Transfer,,"15.00","1275.00","6420.00"
7273,B2B-6940,"08-05-2026",care@indiamags.com,Miss ,Amrita,8042071641,PRAGATHI GROUP,"108F - 9, 6th Cross, 2nd Main,","HGH Layout, New Airport Road, CBI Office, Ganganagar,",Bangalore,Karnataka,IN,560032,Architecture + Design,"0.00","15.00","360.00000000","2040.00000000","[{""Subscription"":""1 Year""}]",1,12,"1800.00",12 Digital Editions Free ,BURDA MEDIA INDIA PVT LTD,Cheque/Funds Transfer,,"15.00","1530.00","6420.00"
7273,B2B-6941,"08-05-2026",care@indiamags.com,Miss ,Amrita,8042071641,PRAGATHI GROUP,"108F - 9, 6th Cross, 2nd Main,","HGH Layout, New Airport Road, CBI Office, Ganganagar,",Bangalore,Karnataka,IN,560032,Elle Decor,"0.00","12.50","187.50000000","1312.50000000","[{""Subscription"":""1 Year""}]",1,6,"720.00",NA,OGAAN MEDIA PVT LTD ,Cheque/Funds Transfer,IN42614958010966,"12.50","630.00","6420.00"
7273,B2B-6942,"08-05-2026",care@indiamags.com,Miss ,Amrita,8042071641,PRAGATHI GROUP,"108F - 9, 6th Cross, 2nd Main,","HGH Layout, New Airport Road, CBI Office, Ganganagar,",Bangalore,Karnataka,IN,560032,Architect And Interiors India Magazine,"0.00","15.00","360.00000000","2040.00000000","[{""Subscription"":""1 Year Print""}]",1,12,"2400.00",NA,ITP MEDIA (INDIA) PVT LTD,Cheque/Funds Transfer,,"15.00","2040.00","6420.00"
7274,B2B-6943,"08-05-2026",ronika@indiamags.com,Ronika,M,1234567890,"",Mumbai,Mumbai,Mumbai,Maharashtra,IN,123456,Family Interiors Print + Digital,"0.00","25.00","225.00000000","675.00000000","[{""Subscription"":""1 Year Print + 1 Year Digital""}]",1,4,"900.00",NA,MRP PUBLICATIONS,Cheque/Funds Transfer,,"25.00",,"900.00"
7275,B2B-6944,"08-05-2026",pulkitk89@gmail.com,Pulkit,Kohli,9711992393,"","FLAT 1006 M3M SIERRA-3, TOWER-8","Sector-68, Gurugram",Gurugram,Haryana,IN,122001,Grihshobha Hindi,"0.00","15.00","277.20000000","1570.80000000","[{""Subscription"":""1 Year Reg.Post""}]",1,24,"1399.00",NA,Delhi Prakashan Vitran Pte Ltd,Cc Avenue,,"15.00",1189.15,"1399.00"
7276,B2B-6945,"08-05-2026",care@indiamags.com,Vijendra ,Singh Executive House Keeper Renewal ,8939893414,"Trident, Hyderabad",The Oberoi Group  HITEC City  ,Near Cyber Towers  Madhapur  ,Hyderabad ,Telangana,IN,500081,India Today,"0.00","10.00","520.00000000","4680.00000000","[{""Subscription"":""1 Year Print""}]",35,52,"3299.00",NA,Living Media India Ltd,Cheque/Funds Transfer,,"10.00","103918.50","450000.00"
7276,B2B-6946,"08-05-2026",care@indiamags.com,Vijendra ,Singh Executive House Keeper Renewal ,8939893414,"Trident, Hyderabad",The Oberoi Group  HITEC City  ,Near Cyber Towers  Madhapur  ,Hyderabad ,Telangana,IN,500081,TIME Magazine,"0.00","7.00","1001.00000000","13299.00000000","[{""Subscription"":""1 Year Print + 1 Year Digital""}]",35,24,"10297.00",NA,Living Media India Limited-Time,Cheque/Funds Transfer,,"7.00",335167.35,"450000.00"
7277,B2B-6947,"08-05-2026",care@indiamags.com,Harshit ,Sachdeva Renewal,8712930025,"Trident, Hyderabad",The Oberoi Group  HITEC City,  Near Cyber Towers  Madhapur  ,Hyderabad ,Telangana,IN,500081,Femina,"0.00","10.00","120.00000000","1080.00000000","[{""Subscription"":""1 Year""}]",4,12,"1200.00",NA,Worldwide Media Pvt. Ltd.,Cheque/Funds Transfer,,"10.00","4320.00","23601.00"
7277,B2B-6948,"08-05-2026",care@indiamags.com,Harshit ,Sachdeva Renewal,8712930025,"Trident, Hyderabad",The Oberoi Group  HITEC City,  Near Cyber Towers  Madhapur  ,Hyderabad ,Telangana,IN,500081,GQ India,"0.00","15.00","270.00000000","1530.00000000","[{""Subscription"":""1 Year""}]",4,6,"1000.00",NA,Conde Nast India Pvt Ltd,Cheque/Funds Transfer,,"15.00","3400.00","23601.00"
7277,B2B-6949,"08-05-2026",care@indiamags.com,Harshit ,Sachdeva Renewal,8712930025,"Trident, Hyderabad",The Oberoi Group  HITEC City,  Near Cyber Towers  Madhapur  ,Hyderabad ,Telangana,IN,500081,Forbes India Magazine Print,"0.00","15.00","900.00000000","5100.00000000","[{""Subscription"":""1 Year""},{""Frequency"":""Fortnightly""}]",4,27,"3000.00",NA,Digital18 Media Ltd,Cheque/Funds Transfer,,"15.00","10200.00","23601.00"
7277,B2B-6950,"08-05-2026",care@indiamags.com,Harshit ,Sachdeva Renewal,8712930025,"Trident, Hyderabad",The Oberoi Group  HITEC City,  Near Cyber Towers  Madhapur  ,Hyderabad ,Telangana,IN,500081,Travel + Leisure India,"0.00","15.00","270.00000000","1530.00000000","[{""Subscription"":""1 Year""}]",4,12,"900.00",12 Digital Editions Free ,BURDA MEDIA INDIA PVT LTD,Cheque/Funds Transfer,,"15.00","3060.00","23601.00"
7278,B2B-6951,"08-05-2026",mukesh19puliani@gmail.com,Sneha,Puliani,9845437300,Mpp house,"Mpp house, 87, 1st cross, Gandhinagar, tbr complex",1st floor,Bangalore,Karnataka,IN,560009,Harpers Bazaar UK Edition,"80.00","25.00","468.25000000","1484.75000000","[{""Subscription"":""1 Time""}]",1,1,"1873.00",NA,Media Star Private Limited,Cc Avenue,,"25.00",1484.75,"1953.00"
7279,B2B-6952,"09-05-2026",Pranavm1993@gmail.com,Pranav ,Maniar,9428250000,Patria Suites,"Block no. 24/25, 1/4 Mahavir Society, Opp. “Digmej”","Nr. Nirmala Convent School, Kalawad Road",Rajkot,Gujarat,IN,360007,BW HOTELIER,"0.00","15.00","270.00000000","1530.00000000","[{""Subscription"":""1 Year""}]",1,6,"1620.00",NA,BW Business World Media Pvt Ltd,Cc Avenue,  IN42614756894017,"15.00","1377.00","4020.00"
7279,B2B-6953,"09-05-2026",Pranavm1993@gmail.com,Pranav ,Maniar,9428250000,Patria Suites,"Block no. 24/25, 1/4 Mahavir Society, Opp. “Digmej”","Nr. Nirmala Convent School, Kalawad Road",Rajkot,Gujarat,IN,360007,Hotelier India,"0.00","15.00","360.00000000","2040.00000000","[{""Subscription"":""1 Year""}]",1,12,"2400.00",NA,ITP MEDIA (INDIA) PVT LTD,Cc Avenue,,"15.00","2040.00","4020.00"
7280,B2B-6954,"09-05-2026",geetha.s@excelpublicschool.com,Geetha,S N,8892598746,Excel Public School,40-P-1 Koorgalli Industrial Area Belavadi Post,Apt. 11527 Vijayanagar 4th stage 2nd phasae,Mysore,Karnataka,IN,570017,"Children&#039;s  World Magazine","0.00","15.00","90.00000000","510.00000000","[{""Subscription"":""1 Years""}]",1,12,"550.00",NA,Children’s Book Trust,Cheque/Funds Transfer,,"15.00",,"550.00"
7281,B2B-6955,"09-05-2026",anandkumar.marine@gmail.com,Anand,Kumar,9960020920,BW maritime pvt ltd,"Flat.no 1903, Tower C, Raj Tattav ","Kapurbawdi,near Wonder Mall, thane west",Thane,Maharashtra,IN,400610,Competition Success Review English,"0.00","18.00","324.00000000","1476.00000000","[{""Subscription"":""1 Year""}]",1,12,"1430.00",NA,COMPETITION REVIEW PVT LTD,Cc Avenue,  IN42614756905888,"18.00","1172.60","1430.00"
7282,B2B-6956,"09-05-2026",kvlnr3774@gmail.com,Kattamuri,Suvarna Lakshmi,9848185538,Little crayons preschool,"Little crayons preschool, 1st floor,","Above Sai xerox, near annojiguda fly over, annojiguda",Hyderabad ,Telangana,IN,500088,Parents World Magazine,"0.00","10.00","120.00000000","1080.00000000","[{""Subscription"":""1 Year""}]",1,12,"1200.00",NA,DT Media & Entertainment Pvt Ltd,Cc Avenue, IN42615350645771,"10.00","1080.00","1200.00"
7284,B2B-6957,"09-05-2026",sidharthsinghal@gmail.com,Sidharth,Singhal,9358426325,"","A-179 Defence Colony,",Mawana Road,Meerut,Uttar Pradesh,IN,250001,Outlook Business,"0.00","10.00","120.00000000","1080.00000000","[{""Subscription"":""1 Year""}]",1,12 ,"999.00",NA,Outlook Publishing India Pvt Ltd,Cc Avenue,,"10.00","899.10","999.00"
7285,B2B-6958,10-05-2026,nikhilrajesh2000@gmail.com,Nikhil,Rajesh,9526447770,"",Cherumattathil House,"Pallikkavu Road, Perumballoor PO",Muvattupuzha,Kerala,IN,686673,Smart Photography,"0.00","20.00","480.00000000","1920.00000000","[{""Subscription"":""1 Year""}]",1,12,"1800.00",NA,Next Gen Publishing Ltd,Cc Avenue, IN42615350719422,"20.00","1440.00","1800.00"
7286,B2B-6959,10-05-2026,iqbal13info@gmail.com,Lovepreet,singh,7526902059,"","V.p.o =Lohatbaddi, Tehsil = Raikot, District= Ludhiana ","V.p.o =Lohatbaddi, Tehsil = Raikot, District= Ludhiana",Raikot,Punjab,IN,141109,Architecture + Design,"0.00","15.00","360.00000000","2040.00000000","[{""Subscription"":""1 Year""}]",1,12,"1800.00",12 Digital Editions Free ,BURDA MEDIA INDIA PVT LTD,Cc Avenue,,"15.00","1530.00","1800.00"
7287,B2B-6960,11-05-2026,meeramukundan88@gmail.com,Meera,Mukundan,9995440132,"","Mercury 2k,",Trinity World apartments,Kakkanad,Kerala,IN,682307,National Geographic Kids,"0.00","15.00","216.00000000","1224.00000000","[{""Subscription"":""2 Year""}]",1,24,"1150.00",NA,MM PUBLICATIONS LTD,Cc Avenue,,"15.00","977.50","1150.00"
7289,B2B-6961,11-05-2026,ronika@indiamags.com,Ronika,M,1246789900,"",Mumbai ,Mumbai ,Mumbai ,Maharashtra,IN,122212,Magic Pot,"0.00","15.00","117.00000000","663.00000000","[{""Subscription"":""6 Months""}]",1,26 ,"750.00",NA,MM PUBLICATIONS LTD,Cheque/Funds Transfer,,"15.00",,"750.00"
7290,B2B-6962,11-05-2026,roni.morekar@gmail.com,Ronika,Morekar,8850241487,"",37 Goolestan Blg Cuffe Parade Colaba,Mumbai ,Mumbai,Maharashtra,IN,400005,test product,"0.00","15.00","0.75000000","4.25000000","[{""Subscription"":""1 Year Print""}]",1,12,"1.00",NA,Anu Test Developer Account,Cc Avenue,12345678910,"25.00","0.75","1.00"
7291,B2B-6963,11-05-2026,roni.morekar@gmail.com,Ronika,Malkar,8850241487,"",37 Goolestan Blg Cuffe Parade Colaba,M,Mumbai,Maharashtra,IN,400005,Magic Pot,"0.00","15.00","117.00000000","663.00000000","[{""Subscription"":""6 Months""}]",1,26 ,"750.00",NA,MM PUBLICATIONS LTD,Cheque/Funds Transfer,,"15.00",,"750.00"
7292,B2B-6964,11-05-2026,ganguli.marisha@gmail.com,Rakhi ,Ganguli,8489264611,"","Flat 5, Block C, Beatitude Apartments ","Selvaraj Chettiar street, vaithikuppam",Puducherry,"",IN,605012,Femina + Filmfare Magazines Combo,"0.00","10.00","240.00000000","2160.00000000","[{""Subscription"":""1 Year Print""}]",1,24,"1968.00",NA,Worldwide Media Pvt. Ltd.,Cc Avenue,,"10.00","1771.20","1968.00"
7293,B2B-6965,12-05-2026,barthwal.santan@gmail.com,Santan,Barthwal,9759594242,"",A2 Sunrise Apartment   ,"Street No 7, Vasant Vihar Enclave",Dehradun,Uttarakhand,IN,248006,Smart Photography,"0.00","20.00","480.00000000","1920.00000000","[{""Subscription"":""1 Year""}]",1,12,"1800.00",NA,Next Gen Publishing Ltd,Cc Avenue, IN42615350719422,"20.00","1440.00","1800.00"
7294,B2B-6966,12-05-2026,globesubage@gmail.com,Miss. Dishtha,Rao Renewal,9959900290,Globe Subscription Agency,"3-4-870/1,","Barkatpura,",Hyderabad,Telangana,IN,500027,The Economist,"0.00","30.00","5370.00000000","12530.00000000","[{""Subscription"":""1 Year Print + 1 Year Digital""}]",1,51,"13962.00",NA,The Economist Newspaper Limited,Cheque/Funds Transfer,,"30.00",,"13962.00"
7295,B2B-6967,12-05-2026,globesubage@gmail.com,Vikram ,Kumar Renewal,9959900290,Globe Subscription Agency,"3-4-870/1,","Barkatpura,",Hyderabad,Telangana,IN,500027,The Economist,"0.00","30.00","5370.00000000","12530.00000000","[{""Subscription"":""1 Year Print + 1 Year Digital""}]",1,51,"13962.00",NA,The Economist Newspaper Limited,Cheque/Funds Transfer,,"30.00",,"13962.00"
7296,B2B-6968,12-05-2026,globesubage@gmail.com,MIiss. Pallavi,Renewal,9959900290,Globe Subscription Agency,"3-4-870/1,","Barkatpura,",Hyderabad,Telangana,IN,500027,The Economist,"0.00","30.00","5370.00000000","12530.00000000","[{""Subscription"":""1 Year Print + 1 Year Digital""}]",1,51,"13962.00",NA,The Economist Newspaper Limited,Cheque/Funds Transfer,,"30.00",,"13962.00"
7297,B2B-6969,12-05-2026,globesubage@gmail.com,Chinna ,Kumar Renewal,9959900290,Globe Subscription Agency,"3-4-870/1,","Barkatpura,",Hyderabad,Telangana,IN,500027,The Economist,"0.00","30.00","5370.00000000","12530.00000000","[{""Subscription"":""1 Year Print + 1 Year Digital""}]",1,51,"13962.00",NA,The Economist Newspaper Limited,Cheque/Funds Transfer,,"30.00",,"13962.00"
7298,B2B-6970,12-05-2026,globesubage@gmail.com,Arjun ,Kumar Renewal,9959900290,Globe Subscription Agency,"3-4-870/1,","Barkatpura,",Hyderabad,Telangana,IN,500027,The Economist,"0.00","30.00","5370.00000000","12530.00000000","[{""Subscription"":""1 Year Print + 1 Year Digital""}]",1,51,"13962.00",NA,The Economist Newspaper Limited,Cheque/Funds Transfer,,"30.00",,"13962.00"
7299,B2B-6971,12-05-2026,globesubage@gmail.com,Chintu ,Goud Renewal,9959900290,Globe Subscription Agency,"3-4-870/1,","Barkatpura,",Hyderabad,Telangana,IN,500027,The Economist,"0.00","30.00","5370.00000000","12530.00000000","[{""Subscription"":""1 Year Print + 1 Year Digital""}]",1,51,"13962.00",NA,The Economist Newspaper Limited,Cheque/Funds Transfer,,"30.00",,"13962.00"
7300,B2B-6972,12-05-2026,globesubage@gmail.com,Samba Shiva ,Rao Renewal,9959900290,Globe Subscription Agency,"3-4-870/1,","Barkatpura,",Hyderabad,Telangana,IN,500027,The Economist,"0.00","30.00","5370.00000000","12530.00000000","[{""Subscription"":""1 Year Print + 1 Year Digital""}]",1,51,"13962.00",NA,The Economist Newspaper Limited,Cheque/Funds Transfer,,"30.00",,"13962.00"
7301,B2B-6973,12-05-2026,globesubage@gmail.com,Shiva,Kumar Renewal,9959900290,Globe Subscription Agency,"3-4-870/1,","Barkatpura,",Hyderabad,Telangana,IN,500027,The Economist,"0.00","30.00","5370.00000000","12530.00000000","[{""Subscription"":""1 Year Print + 1 Year Digital""}]",1,51,"13962.00",NA,The Economist Newspaper Limited,Cheque/Funds Transfer,,"30.00",,"13962.00"
7302,B2B-6974,12-05-2026,globesubage@gmail.com,Mr. Narsimha,Renewal,9959900290,Globe Subscription Agency,"3-4-870/1,","Barkatpura,",Hyderabad,Telangana,IN,500027,The Economist,"0.00","30.00","5370.00000000","12530.00000000","[{""Subscription"":""1 Year Print + 1 Year Digital""}]",1,51,"13962.00",NA,The Economist Newspaper Limited,Cheque/Funds Transfer,,"30.00",,"13962.00"
7303,B2B-6975,12-05-2026,globesubage@gmail.com,Miss. Madhavi,Renewal,9959900290,Globe Subscription Agency,"3-4-870/1,","Barkatpura,",Hyderabad,Telangana,IN,500027,The Economist,"0.00","30.00","5370.00000000","12530.00000000","[{""Subscription"":""1 Year Print + 1 Year Digital""}]",1,51,"13962.00",NA,The Economist Newspaper Limited,Cheque/Funds Transfer,,"30.00",,"13962.00"
7304,B2B-6976,12-05-2026,globesubage@gmail.com,Naveen ,Kumar Renewal,9959900290,Globe Subscription Agency,"3-4-870/1,","Barkatpura,",Hyderabad,Telangana,IN,500027,The Economist,"0.00","30.00","5370.00000000","12530.00000000","[{""Subscription"":""1 Year Print + 1 Year Digital""}]",1,51,"13962.00",NA,The Economist Newspaper Limited,Cheque/Funds Transfer,IN42614052938432,"30.00","12530.00","13962.00"
7305,B2B-6977,12-05-2026,globesubage@gmail.com,Mr. Rajesh,Renewal,9959900290,Globe Subscription Agency,"3-4-870/1,","Barkatpura,",Hyderabad,Telangana,IN,500027,The Economist,"0.00","30.00","5370.00000000","12530.00000000","[{""Subscription"":""1 Year Print + 1 Year Digital""}]",1,51,"13962.00",NA,The Economist Newspaper Limited,Cheque/Funds Transfer,IN42614052938432,"30.00","12530.00","13962.00"
7306,B2B-6978,12-05-2026,globesubage@gmail.com,Miss. Anuradha,Renewal,9959900290,Globe Subscription Agency,"3-4-870/1,","Barkatpura,",Hyderabad,Telangana,IN,500027,The Economist,"0.00","30.00","5370.00000000","12530.00000000","[{""Subscription"":""1 Year Print + 1 Year Digital""}]",1,51,"13962.00",NA,The Economist Newspaper Limited,Cheque/Funds Transfer,IN42614052938432,"30.00","12530.00","13962.00"
7307,B2B-6979,12-05-2026,globesubage@gmail.com,Mr. Setupathi,Renewal,9959900290,Globe Subscription Agency,"3-4-870/1,"," Barkatpura,",Hyderabad,Telangana,IN,500027,The Economist,"0.00","30.00","5370.00000000","12530.00000000","[{""Subscription"":""1 Year Print + 1 Year Digital""}]",1,51,"13962.00",NA,The Economist Newspaper Limited,Cheque/Funds Transfer,IN42614052938432,"30.00","12530.00","13962.00"
7308,B2B-6980,12-05-2026,globesubage@gmail.com,Mr. Shankar,Renewal,9959900290,Globe Subscription Agency,"3-4-870/1,","Barkatpura,",Hyderabad,Telangana,IN,500027,The Economist,"0.00","30.00","5370.00000000","12530.00000000","[{""Subscription"":""1 Year Print + 1 Year Digital""}]",1,51,"13962.00",NA,The Economist Newspaper Limited,Cheque/Funds Transfer,IN42614052938432,"30.00","12530.00","13962.00"
7309,B2B-6981,12-05-2026,globesubage@gmail.com,Mr. Ganesh,Renewal,9959900290,Globe Subscription Agency,"3-4-870/1,","Barkatpura,",Hyderabad,Telangana,IN,500027,The Economist,"0.00","30.00","5370.00000000","12530.00000000","[{""Subscription"":""1 Year Print + 1 Year Digital""}]",1,51,"13962.00",NA,The Economist Newspaper Limited,Cheque/Funds Transfer,IN42614052938432,"30.00","12530.00","13962.00"
7310,B2B-6982,12-05-2026,globesubage@gmail.com,Mr. Naresh,Renewal,9959900290,Globe Subscription Agency,"3-4-870/1,","Barkatpura,",Hyderabad,Telangana,IN,500027,The Economist,"0.00","30.00","5370.00000000","12530.00000000","[{""Subscription"":""1 Year Print + 1 Year Digital""}]",1,51,"13962.00",NA,The Economist Newspaper Limited,Cheque/Funds Transfer,IN42614052938432,"30.00","12530.00","13962.00"
7311,B2B-6983,13-05-2026,paaty403@gmail.com,Indira,Vijaysimha,9900128067,"",A 010 Sterling Park Apartments,"Kodigehalli Main Road, Sanjeevini Nagar",Bangalore,Karnataka,IN,560092,"Children&#039;s  World Magazine","0.00","15.00","90.00000000","510.00000000","[{""Subscription"":""1 Years""}]",1,12,"550.00",NA,Children’s Book Trust,Cc Avenue, IN42614756900390,"15.00","467.50","1900.00"
7311,B2B-6984,13-05-2026,paaty403@gmail.com,Indira,Vijaysimha,9900128067,"",A 010 Sterling Park Apartments,"Kodigehalli Main Road, Sanjeevini Nagar",Bangalore,Karnataka,IN,560092,The Paper Planes Journal,"0.00","30.00","450.00000000","1050.00000000","[{""Subscription"":""1 Year""}]",1,6,"1350.00",NA,The Antonym Council of Global Arts and Literature,Cc Avenue,,"30.00","945.00","1900.00"
7312,B2B-6985,13-05-2026,library@shaanthi.com,The Director,Library,9688488868,Shaanthi School - ICSE ,Modern Rice Mill Road,Jothi Nagar,POLLACHI,Tamil Nadu,IN,642001,Good Homes India,"0.00","10.00","90.00000000","810.00000000","[{""Subscription"":""1 Year Print""}]",1,6,"900.00",NA,Worldwide Media Pvt. Ltd.,Cc Avenue,,"10.00","810.00","900.00"
7313,B2B-6986,13-05-2026,pashmeen0987@gmail.com,pashmeen,Kaur,7009727074,"",House no 379 street no 6 ghuman nagar A,Sirhind road,Patiala,Punjab,IN,147001,Happiest Health Magazine,"0.00","20.00","480.00000000","1920.00000000","[{""Subscription"":""1 Year""}]",1,12,"2100.00",NA,HAPPIEST HEALTH SYSTEMS PRIVATE LIMITED,Cc Avenue,"044620664731","20.00","1680.00","2100.00"
7314,B2B-6987,13-05-2026,NIMISH.VAKIL@TYABJIDAYABHAI.COM,NIMISH,VAKIL,9820033885,Tyabji Dayabhai,"First Floor, Shanti Sadan","3 Vatcha Gandhi Road, Gamdevi",Mumbai,Maharashtra,IN,400007,The Economist,"0.00","30.00","5370.00000000","12530.00000000","[{""Subscription"":""1 Year Print + 1 Year Digital""}]",1,51,"13962.00",NA,The Economist Newspaper Limited,Cc Avenue,,"30.00",,14241.24
7315,B2B-6988,13-05-2026,ol.veay@aai.aero,Saurabh Singh,Manager,7065232599,"Airports Authority of India, Maharishi Valmiki International Airport, Aypdhyadam","O/o The Airport Director,","Maharishi Valmiki International Airport, Ayodhyadham,",Ayodhya,Uttar Pradesh,IN,224001,Grihshobha Hindi,"0.00","15.00","277.20000000","1570.80000000","[{""Subscription"":""1 Year Reg.Post""}]",3,24,"1399.00",NA,Delhi Prakashan Vitran Pte Ltd,Cheque/Funds Transfer,,"15.00",7300.65,"18333.00"
7315,B2B-6988,13-05-2026,ol.veay@aai.aero,Saurabh Singh,Manager,7065232599,"Airports Authority of India, Maharishi Valmiki International Airport, Aypdhyadam","O/o The Airport Director,","Maharishi Valmiki International Airport, Ayodhyadham,",Ayodhya,Uttar Pradesh,IN,224001,Champak Hindi,"0.00","15.00","259.20000000","1468.80000000","[{""Subscription"":""1 Years Print""}]",3,24,"1464.00",NA,Delhi Prakashan Vitran Pte Ltd,Cheque/Funds Transfer,,"15.00",7300.65,"18333.00"
7315,B2B-6989,13-05-2026,ol.veay@aai.aero,Saurabh Singh,Manager,7065232599,"Airports Authority of India, Maharishi Valmiki International Airport, Aypdhyadam","O/o The Airport Director,","Maharishi Valmiki International Airport, Ayodhyadham,",Ayodhya,Uttar Pradesh,IN,224001,India Today Hindi,"0.00","10.00","312.00000000","2808.00000000","[{""Subscription"":""1 Year Print""}]",3,52,"2699.00",NA,Living Media India Ltd,Cheque/Funds Transfer,,"10.00","7287.30","18333.00"
7315,B2B-6990,13-05-2026,ol.veay@aai.aero,Saurabh Singh,Manager,7065232599,"Airports Authority of India, Maharishi Valmiki International Airport, Aypdhyadam","O/o The Airport Director,","Maharishi Valmiki International Airport, Ayodhyadham,",Ayodhya,Uttar Pradesh,IN,224001,Outlook Hindi,"0.00","10.00","60.00000000","540.00000000","[{""Subscription"":""1 Years""}]",3,12,"549.00",NA,Outlook Publishing India Pvt Ltd,Cheque/Funds Transfer,,"10.00","1482.30","18333.00"
7316,B2B-6991,13-05-2026,ronika@indiamags.com,Ronika,M,1234567890,"",Mumbai,Mumbai,Mumbai,Maharashtra,IN,123456,Director Today,"400.00","20.00","360.00000000","1840.00000000","[{""Subscription"":""1 Year Print""}]",1,12,"1800.00",NA,Institute Of Directors,Cheque/Funds Transfer,,"20.00",,"2200.00"
7317,B2B-6992,13-05-2026,lpslibrary25@gmail.com,Mukesh,paliwal,9680340134,Lakshmipat Singhania School ,Lakshmipat Singhania School ,Jay Kay Puram ,Sirohi ,Rajasthan,IN,307019,Tinkle Magazine Physical,"0.00","20.00","499.80000000","1999.20000000","[{""Subscription"":""1 Year Courier""}]",1,16,"1799.00",3 Months ACK APP Digital Subscription,Amar Chitra Katha,Cc Avenue, IN42614756883894,"20.00","1439.20",13194.39
7317,B2B-6993,13-05-2026,lpslibrary25@gmail.com,Mukesh,paliwal,9680340134,Lakshmipat Singhania School ,Lakshmipat Singhania School ,Jay Kay Puram ,Sirohi ,Rajasthan,IN,307019,Champak English,"0.00","15.00","234.00000000","1326.00000000","[{""Subscription"":""1 Year Print""}]",1,24,"1440.00",NA,Delhi Prakashan Vitran Pte Ltd,Cc Avenue,,"15.00","2468.40",13194.39
7317,B2B-6993,13-05-2026,lpslibrary25@gmail.com,Mukesh,paliwal,9680340134,Lakshmipat Singhania School ,Lakshmipat Singhania School ,Jay Kay Puram ,Sirohi ,Rajasthan,IN,307019,Champak Hindi,"0.00","15.00","259.20000000","1468.80000000","[{""Subscription"":""1 Years Print""}]",1,24,"1464.00",NA,Delhi Prakashan Vitran Pte Ltd,Cc Avenue,,"15.00","2468.40",13194.39
7317,B2B-6994,13-05-2026,lpslibrary25@gmail.com,Mukesh,paliwal,9680340134,Lakshmipat Singhania School ,Lakshmipat Singhania School ,Jay Kay Puram ,Sirohi ,Rajasthan,IN,307019,Competition Success Review English,"0.00","18.00","324.00000000","1476.00000000","[{""Subscription"":""1 Year""}]",1,12,"1430.00",NA,COMPETITION REVIEW PVT LTD,Cc Avenue,  IN42614756905888,"18.00","1172.60",13194.39
7317,B2B-6995,13-05-2026,lpslibrary25@gmail.com,Mukesh,paliwal,9680340134,Lakshmipat Singhania School ,Lakshmipat Singhania School ,Jay Kay Puram ,Sirohi ,Rajasthan,IN,307019,National Geographic Kids,"0.00","15.00","108.00000000","612.00000000","[{""Subscription"":""1 Year""}]",1,12,"600.00",NA,MM PUBLICATIONS LTD,Cc Avenue,,"15.00",2409.75,13194.39
7317,B2B-6995,13-05-2026,lpslibrary25@gmail.com,Mukesh,paliwal,9680340134,Lakshmipat Singhania School ,Lakshmipat Singhania School ,Jay Kay Puram ,Sirohi ,Rajasthan,IN,307019,AKKAD BAKKAD,"0.00","15.00","63.00000000","357.00000000","[{""Subscription"":""1 Years""}]",1,12,"360.00",NA,MM PUBLICATIONS LTD,Cc Avenue,,"15.00",2409.75,13194.39
7317,B2B-6995,13-05-2026,lpslibrary25@gmail.com,Mukesh,paliwal,9680340134,Lakshmipat Singhania School ,Lakshmipat Singhania School ,Jay Kay Puram ,Sirohi ,Rajasthan,IN,307019,Magic Pot,"0.00","15.00","234.00000000","1326.00000000","[{""Subscription"":""1 Years""}]",1,52 ,"1400.00",NA,MM PUBLICATIONS LTD,Cc Avenue,,"15.00",2409.75,13194.39
7317,B2B-6995,13-05-2026,lpslibrary25@gmail.com,Mukesh,paliwal,9680340134,Lakshmipat Singhania School ,Lakshmipat Singhania School ,Jay Kay Puram ,Sirohi ,Rajasthan,IN,307019,Tell Me Why,"0.00","15.00","81.00000000","459.00000000","[{""Subscription"":""1 Year Print""}]",1,12,"475.00",NA,MM PUBLICATIONS LTD,Cc Avenue,,"15.00",2409.75,13194.39
7317,B2B-6996,13-05-2026,lpslibrary25@gmail.com,Mukesh,paliwal,9680340134,Lakshmipat Singhania School ,Lakshmipat Singhania School ,Jay Kay Puram ,Sirohi ,Rajasthan,IN,307019,Samanya Gyan Darpan Hindi + Success Mirror Hindi Magazine Combo,"280.00","10.00","100.00000000","1180.00000000","[{""Subscription"":""1 Year""}]",1,24,"1000.00",NA,Pratiyogita Darpan,Cc Avenue,  IN42615451181536,"10.00","928.00",13194.39
7317,B2B-6997,13-05-2026,lpslibrary25@gmail.com,Mukesh,paliwal,9680340134,Lakshmipat Singhania School ,Lakshmipat Singhania School ,Jay Kay Puram ,Sirohi ,Rajasthan,IN,307019,Biology Today,"0.00","25.00","225.00000000","675.00000000","[{""Subscription"":""1 Years""}]",1,12,"749.00",NA,Life Positive Pvt Ltd,Cc Avenue,IN42615350664362,"25.00",561.75,13194.39
7317,B2B-6998,13-05-2026,lpslibrary25@gmail.com,Mukesh,paliwal,9680340134,Lakshmipat Singhania School ,Lakshmipat Singhania School ,Jay Kay Puram ,Sirohi ,Rajasthan,IN,307019,Physics For You,"0.00","15.00","135.00000000","765.00000000","[{""Subscription"":""1 Years""}]",1,12,"749.00",NA,MTG Learning Media Pvt Ltd,Cc Avenue,"044621699001","15.00",1909.95,13194.39
7317,B2B-6998,13-05-2026,lpslibrary25@gmail.com,Mukesh,paliwal,9680340134,Lakshmipat Singhania School ,Lakshmipat Singhania School ,Jay Kay Puram ,Sirohi ,Rajasthan,IN,307019,Chemistry Today,"0.00","15.00","135.00000000","765.00000000","[{""Subscription"":""1 Years""}]",1,12,"749.00",NA,MTG Learning Media Pvt Ltd,Cc Avenue,"044621699001","15.00",1909.95,13194.39
7317,B2B-6998,13-05-2026,lpslibrary25@gmail.com,Mukesh,paliwal,9680340134,Lakshmipat Singhania School ,Lakshmipat Singhania School ,Jay Kay Puram ,Sirohi ,Rajasthan,IN,307019,Mathematics Today,"0.00","15.00","135.00000000","765.00000000","[{""Subscription"":""1 Years""}]",1,12,"749.00",NA,MTG Learning Media Pvt Ltd,Cc Avenue,"044621699001","15.00",1909.95,13194.39
7317,B2B-6999,13-05-2026,lpslibrary25@gmail.com,Mukesh,paliwal,9680340134,Lakshmipat Singhania School ,Lakshmipat Singhania School ,Jay Kay Puram ,Sirohi ,Rajasthan,IN,307019,Careers360,"0.00","25.00","180.00000000","540.00000000","[{""Subscription"":""1 Years""}]",1,12,"469.00",NA,Pathfinder Publishing Pvt. Ltd,Cc Avenue, IN42615350734119,"25.00",351.75,13194.39
7319,B2B-7000,13-05-2026,care@indiamags.com,JITENDER,SINGH RENEWAL,8826719341,CIVIL SERVICES OFFICERS INSTITUTE,VINAY MARG,CHANAYAPURI,NEW Delhi,Delhi,IN,110021,Outlook Traveller,"0.00","10.00","180.00000000","1620.00000000","[{""Subscription"":""2 Year""}]",1,12,"1249.00",NA,Outlook Publishing India Pvt Ltd,Cheque/Funds Transfer,,"10.00","1124.10","3599.00"
7319,B2B-7001,13-05-2026,care@indiamags.com,JITENDER,SINGH RENEWAL,8826719341,CIVIL SERVICES OFFICERS INSTITUTE,VINAY MARG,CHANAYAPURI,NEW Delhi,Delhi,IN,110021,Magic Pot,"0.00","15.00","468.00000000","2652.00000000","[{""Subscription"":""2 Years""}]",1,104 ,"2350.00",NA,MM PUBLICATIONS LTD,Cheque/Funds Transfer,,"15.00","1997.50","3599.00"
7320,B2B-7002,13-05-2026,saishajain2818@gmail.com,Saisha ,Jain,8657475247,"","G1606, Grande, Oberoi Splendor","JVLR, Andheri East ",Mumbai,Maharashtra,IN,400060,Harpers Bazaar US,"80.00","25.00","449.50000000","1428.50000000","[{""Subscription"":""1 Time""}]",1,1,"1618.00",NA,Media Star Private Limited,Cc Avenue,,"25.00",2541.25,"3276.00"
7320,B2B-7002,13-05-2026,saishajain2818@gmail.com,Saisha ,Jain,8657475247,"","G1606, Grande, Oberoi Splendor","JVLR, Andheri East ",Mumbai,Maharashtra,IN,400060,Tatler  UK Edition,"80.00","25.00","389.25000000","1247.75000000","[{""Subscription"":""1 Time""}]",1,1,"1498.00",NA,Media Star Private Limited,Cc Avenue,,"25.00",2541.25,"3276.00"
7321,B2B-7003,13-05-2026,ashwin.dhakras@go-mmt.com,Ashwin,Dhakras,9819085016,MAKEMYTRIP INDIA PVT LTD,"315/316, Parimal Society, Pandit Dindayal Road,",Dombivali,THANE,Maharashtra,IN,421202,Travel + Leisure India,"0.00","15.00","270.00000000","1530.00000000","[{""Subscription"":""1 Year""}]",1,12,"900.00",12 Digital Editions Free ,BURDA MEDIA INDIA PVT LTD,Cc Avenue,,"15.00","765.00","900.00"
7322,B2B-7004,14-05-2026,ankansal@yahoo.com,Swarajya,Kansal,9897238710,"","A-42 KIRTI PALACE, MAIN JAGRATI VIHAR","",Meerut,Uttar Pradesh,IN,250004,Sarita,"0.00","15.00","270.00000000","1530.00000000","[{""Subscription"":""1 Year Print""}]",1,24,"1440.00",NA,Delhi Prakashan Vitran Pte Ltd,Cc Avenue,,"15.00",2413.15,"2839.00"
7322,B2B-7004,14-05-2026,ankansal@yahoo.com,Swarajya,Kansal,9897238710,"","A-42 KIRTI PALACE, MAIN JAGRATI VIHAR","",Meerut,Uttar Pradesh,IN,250004,Grihshobha Hindi,"0.00","15.00","277.20000000","1570.80000000","[{""Subscription"":""1 Year Reg.Post""}]",1,24,"1399.00",NA,Delhi Prakashan Vitran Pte Ltd,Cc Avenue,,"15.00",2413.15,"2839.00"
7324,B2B-7005,14-05-2026,ronika@indiamags.com,Ronika,M,1234567890,"",Mumbai,Mumbai,Mumbai,Maharashtra,IN,123456,Magic Pot,"0.00","15.00","117.00000000","663.00000000","[{""Subscription"":""6 Months""}]",1,26 ,"750.00",NA,MM PUBLICATIONS LTD,Cheque/Funds Transfer,,"15.00",,"750.00"
7325,B2B-7006,14-05-2026,manasmita.digal14@gmail.com,Mrs,James,6002677154,"",Garuda royal homes apartment ,"Flat no-117, A block, 7th cross, Vidhya nagar street, kr puram",Bengaluru ,Karnataka,IN,560049,Sarita,"0.00","15.00","270.00000000","1530.00000000","[{""Subscription"":""1 Year Print""}]",1,24,"1440.00",NA,Delhi Prakashan Vitran Pte Ltd,Cc Avenue,,"15.00","1224.00","1440.00"
7326,B2B-7007,15-05-2026,rajkumar.nachiappan@gmail.com,Sharvesh,Rajkumar,9444291423,"","F1 Aravind apartment, 8 Nammalwar street","Radha nagar, Chrompet",Chennai,Tamil Nadu,IN,600044,Tell Me Why,"0.00","15.00","162.00000000","918.00000000","[{""Subscription"":""2 Year Print""}]",1,24,"900.00",NA,MM PUBLICATIONS LTD,Cc Avenue,,"15.00","765.00","900.00"
7328,B2B-7008,15-05-2026,arzoo.arya@edu.escp.eu,Veena,Arya,8447474161,"","B2-19A, 2nd Floor, Yamuna Vihar ",On top of Attitude Academy,New Delhi,Delhi,IN,110053,Femina,"0.00","10.00","120.00000000","1080.00000000","[{""Subscription"":""1 Year""}]",1,12,"1200.00",NA,Worldwide Media Pvt. Ltd.,Cc Avenue,,"10.00","1080.00","2099.00"
7328,B2B-7009,15-05-2026,arzoo.arya@edu.escp.eu,Veena,Arya,8447474161,"","B2-19A, 2nd Floor, Yamuna Vihar ",On top of Attitude Academy,New Delhi,Delhi,IN,110053,Vogue India,"0.00","15.00","270.00000000","1530.00000000","[{""Subscription"":""1 Year Print""}]",1,6,"899.00",NA,Conde Nast India Pvt Ltd,Cc Avenue,,"15.00",764.15,"2099.00"
7329,B2B-7010,15-05-2026,accounts@npskalkere.com,National Public School Kalkere,KALKEE,9901137183,NPS Kalkere,Opp to DS Max,C Pillappa Farms,Bangalore,Karnataka,IN,560043,Education World And Parents World Combo,"0.00","10.00","350.00000000","3150.00000000","[{""Subscription"":""1 Year""}]",1,24,"3500.00",NA,DT Media & Entertainment Pvt Ltd,Cc Avenue, IN42615350645771,"10.00","3150.00","3500.00"
7330,B2B-7011,15-05-2026,roni.morekar@gmail.com,Ronika,Malkar,8850241487,"",37 Goolestan Blg Cuffe Parade Colaba,Mumbai ,Mumbai,Maharashtra,IN,400005,Magic Pot,"0.00","15.00","117.00000000","663.00000000","[{""Subscription"":""6 Months""}]",1,26 ,"750.00",NA,MM PUBLICATIONS LTD,Cheque/Funds Transfer,,"15.00",,"750.00"
7333,B2B-7012,15-05-2026,satyam0603@gmail.com,Hari Aditya,Giri,7708002938,"","61/3, State Bank Staff First Colony",Backside Dinamalar Office,Madurai,Tamil Nadu,IN,625016,National Geographic Kids,"0.00","15.00","108.00000000","612.00000000","[{""Subscription"":""1 Year""}]",1,12,"600.00",NA,MM PUBLICATIONS LTD,Cc Avenue,,"15.00","510.00","600.00"
7335,B2B-7013,16-05-2026,roni.morekar@gmail.com,Ronika,Malkar,8850241487,"",37 Goolestan Blg Cuffe Parade Colaba,Mumbai ,Mumbai,Maharashtra,IN,400005,Watch Time Magazine,"0.00","15.00","90.00000000","510.00000000","[{""Subscription"":""1 Year""}]",1,4,"450.00",NA,Malayala Manorama Co. Ltd,Cheque/Funds Transfer,,"15.00",,"450.00"
7336,B2B-7014,16-05-2026,orhcidblues2022@gmail.com,Shallu,Verma,9810125014,Delite Merrchhants Co,3E - 16 BP,NIT,Faridabad,Haryana,IN,121001,BW TRAVEL,"0.00","15.00","120.00000000","680.00000000","[{""Subscription"":""1 Years""}]",1,4,"599.00",NA,BW Business World Media Pvt Ltd,Cc Avenue,  IN42614756894017,"15.00",509.15,"1799.00"
7336,B2B-7015,16-05-2026,orhcidblues2022@gmail.com,Shallu,Verma,9810125014,Delite Merrchhants Co,3E - 16 BP,NIT,Faridabad,Haryana,IN,121001,Elle Decor,"0.00","12.50","187.50000000","1312.50000000","[{""Subscription"":""1 Year""}]",1,6,"1200.00",NA,OGAAN MEDIA PVT LTD ,Cc Avenue,IN42614958010966,"12.50","1050.00","1799.00"
7337,B2B-7016,16-05-2026,mail.apoorvadheeraj@gmail.com,Dheeraj,Yadav,7838795508,"","D-7/182, 2nd Floor Sector 6, Rohini",Near Pawan Dhaba,Delhi,Delhi,IN,110085,National Geographic Kids,"0.00","15.00","108.00000000","612.00000000","[{""Subscription"":""1 Year""}]",1,12,"600.00",NA,MM PUBLICATIONS LTD,Cc Avenue,,"15.00","510.00","600.00"
7338,B2B-7017,16-05-2026,accounts@nalandaschool.org,Nalanda International ,School,9978010780,NALANDA INTERNATIONAL SCHOOL JS,"1/2 arunodaya Society, CRossword Compound",Alkapuri,Vadodara,Gujarat,IN,390007,"Children&#039;s  World Magazine","0.00","15.00","90.00000000","510.00000000","[{""Subscription"":""1 Years""}]",1,12,"550.00",NA,Children’s Book Trust,Cc Avenue, IN42614756900390,"15.00","467.50","550.00"
7339,B2B-7018,16-05-2026,Rubalkapoor2773@gmail.com,Rubal,Kapoor,9828839991,Mark Salon ,"Bus stand Road, Near presidency Hotel",Adjoining Smart Point,Hoshiarpur,Punjab,IN,146001,"StyleSpeak The Salon &amp; Spa Journal","0.00","20.00","360.00000000","1440.00000000","[{""Subscription"":""1 Year Print""}]",1,12,"1100.00",3 MONTHS ISSUE FREE,Conferences & Exhibitions Pvt Ltd,Cc Avenue, IN42615350629198,"20.00","880.00","1100.00"
7340,B2B-7019,17-05-2026,library.pune@sgischool.in,SEEMA,SAGAR,7841932081,SANJAY GHODAWAT  INTERNATIONAL SCHOOL ,"Ms.SEEMA SAGAR,SANJAY GHODAWAT INTERNATIONAL SCHOOL,VILLAGE_RAWADE,TALUKA_MULSHI,RAWADE,PUNE,MAHARASHTRA_412108","Ms.SEEMA SAGAR,SANJAY GHODAWAT INTERNATIONAL SCHOOL,VILLAGE_RAWADE,TALUKA_MULSHI,RAWADE,PUNE,MAHARASHTRA_412108",Pune,Maharashtra,IN,412108,Tinkle Magazine Physical,"0.00","20.00","499.80000000","1999.20000000","[{""Subscription"":""1 Year Courier""}]",1,16,"1799.00",3 Months ACK APP Digital Subscription,Amar Chitra Katha,Cc Avenue, IN42614756883894,"20.00","1439.20",5712.46
7340,B2B-7020,17-05-2026,library.pune@sgischool.in,SEEMA,SAGAR,7841932081,SANJAY GHODAWAT  INTERNATIONAL SCHOOL ,"Ms.SEEMA SAGAR,SANJAY GHODAWAT INTERNATIONAL SCHOOL,VILLAGE_RAWADE,TALUKA_MULSHI,RAWADE,PUNE,MAHARASHTRA_412108","Ms.SEEMA SAGAR,SANJAY GHODAWAT INTERNATIONAL SCHOOL,VILLAGE_RAWADE,TALUKA_MULSHI,RAWADE,PUNE,MAHARASHTRA_412108",Pune,Maharashtra,IN,412108,India Today,"0.00","10.00","520.00000000","4680.00000000","[{""Subscription"":""1 Year Print""}]",1,52,"3299.00",NA,Living Media India Ltd,Cc Avenue,,"10.00","2969.10",5712.46
7340,B2B-7021,17-05-2026,library.pune@sgischool.in,SEEMA,SAGAR,7841932081,SANJAY GHODAWAT  INTERNATIONAL SCHOOL ,"Ms.SEEMA SAGAR,SANJAY GHODAWAT INTERNATIONAL SCHOOL,VILLAGE_RAWADE,TALUKA_MULSHI,RAWADE,PUNE,MAHARASHTRA_412108","Ms.SEEMA SAGAR,SANJAY GHODAWAT INTERNATIONAL SCHOOL,VILLAGE_RAWADE,TALUKA_MULSHI,RAWADE,PUNE,MAHARASHTRA_412108",Pune,Maharashtra,IN,412108,Tell Me Why,"0.00","15.00","81.00000000","459.00000000","[{""Subscription"":""1 Year Print""}]",1,12,"475.00",NA,MM PUBLICATIONS LTD,Cc Avenue,,"15.00",403.75,5712.46
7341,B2B-7022,17-05-2026,Myselfr7@gmail.com,Rahul,Vyas,7263087058,"","Flat 107, Halite 1","Kristal Halite, Bellandur",Bengaluru,Karnataka,IN,560103,The New Yorker US Edition,"80.00","25.00","549.50000000","1728.50000000","[{""Subscription"":""1 Time""}]",1,1,"2198.00",NA,Media Star Private Limited,Cc Avenue,,"25.00","1728.50","2278.00"
7342,B2B-7023,18-05-2026,hsmamikvhs@gmail.com,THE,PRINCIPAL,9914435888,"",VIVEK HIGH SCHOOL,SECTOR 38,Chandigarh,Chandigarh,IN,160036,TIME Magazine,"0.00","7.00","1001.00000000","13299.00000000","[{""Subscription"":""1 Year Print + 1 Year Digital""}]",1,24,"10297.00",NA,Living Media India Limited-Time,Cc Avenue,,"7.00",9576.21,10502.94
7343,B2B-7024,18-05-2026,"0202revathy@gmail.com",Revathy,Shaji,7306279828,"",203 Sai Ganesh Apartment Nagappan Street,Ramanathapuram ,Coimbatore ,Tamil Nadu,IN,641045,INDIAN LITERATURE Journal,"0.00","25.00","125.00000000","375.00000000","[{""Subscription"":""1 Year""}]",1,6,"500.00",NA,Sahitya Akademi,Cc Avenue,,"25.00","375.00","500.00"
7318,B2B-7025,13-05-2026,hr@prodoc.ai,Asit,Vidhyarthi,7022891888,Growth Hacker Consulting Pvt Ltd.(PRODOC.AI),"207, 2nd FLOOR , THE ARCADE ,BRIGADE METROPOLIS , Garudachar Palya, Mahadevapura,","207, 2nd FLOOR , THE ARCADE ,BRIGADE METROPOLIS , Garudachar Palya, Mahadevapura,",Bangalore,Karnataka,IN,560048,eHealth Print + Digital Magazine,"300.00","10.00","180.00000000","1920.00000000","[{""Subscription"":""1 Year Print+Digital""}]",1,6,"1800.00",NA,Elets Technomedia Pvt. Ltd.,Cc Avenue,"044620574741","10.00","1650.00","2100.00"
7346,B2B-7026,18-05-2026,library.pune@sgischool.in,SEEMA,SAGAR,7841932081,SANJAY GHODAWAT INTERNATIONAL SCHOOL,"VILLAGE - RAWADE,","TALUKA - MULSHI, ",PUNE,Maharashtra,IN,412108,Competition Success Review English,"0.00","18.00","324.00000000","1476.00000000","[{""Subscription"":""1 Year""}]",1,12,"1430.00",NA,COMPETITION REVIEW PVT LTD,Cheque/Funds Transfer,,"18.00","1172.60","1400.00"
7347,B2B-7027,18-05-2026,aashutosh662@gmail.com,Ashutosh ,Kumar ,8544222484,ICICI BANK ,4th floor ICICI BANK ZONAL OFFICE ,Collage more gaya,Gaya ,"",IN,823001,Dalal Street Investment Journal,"0.00","12.00","588.00000000","4312.00000000","[{""Subscription"":""1 Year Print + 1 Year Digital""}]",1,26,"4900.00",NA,DSIJ Private Ltd,Cc Avenue, IN42614052945170,"12.00","4312.00","4900.00"
7349,B2B-7028,19-05-2026,roni.morekar@gmail.com,Ronika,Malkar,8850241487,"",37 Goolestan Blg Cuffe Parade Colaba,Mumbai ,Mumbai,Maharashtra,IN,400005,Careers360,"0.00","25.00","180.00000000","540.00000000","[{""Subscription"":""1 Years""}]",1,12,"469.00",NA,Pathfinder Publishing Pvt. Ltd,Cheque/Funds Transfer,,"25.00",,"469.00"
7350,B2B-7029,19-05-2026,janani278.1995@gmail.com,Janani,R,9884736208,"","90105, Tower 9, 1st floor, Nikoo homes 1","Bhartiya City, thanisandra main road",Bengaluru ,Karnataka,IN,560064,Champak English,"0.00","15.00","590.40000000","3345.60000000","[{""Subscription"":""2 Year Print""}]",1,48,"3156.00",NA,Delhi Prakashan Vitran Pte Ltd,Cc Avenue,,"15.00","2682.60","5489.40"
7350,B2B-7030,19-05-2026,janani278.1995@gmail.com,Janani,R,9884736208,"","90105, Tower 9, 1st floor, Nikoo homes 1","Bhartiya City, thanisandra main road",Bengaluru ,Karnataka,IN,560064,National Geographic Kids,"0.00","15.00","216.00000000","1224.00000000","[{""Subscription"":""2 Year""}]",1,24,"1150.00",NA,MM PUBLICATIONS LTD,Cc Avenue,,"15.00","2082.50","5489.40"
7350,B2B-7030,19-05-2026,janani278.1995@gmail.com,Janani,R,9884736208,"","90105, Tower 9, 1st floor, Nikoo homes 1","Bhartiya City, thanisandra main road",Bengaluru ,Karnataka,IN,560064,Tell Me Why,"0.00","15.00","243.00000000","1377.00000000","[{""Subscription"":""3 Years Print""}]",1,36,"1300.00",NA,MM PUBLICATIONS LTD,Cc Avenue,,"15.00","2082.50","5489.40"
7352,B2B-7031,19-05-2026,ronika@indiamags.com,Ronika,M,1234567890,"",Mumbai,Mumbai,Mumbai,Maharashtra,IN,123456,test product,"0.00","15.00","0.75000000","4.25000000","[{""Subscription"":""1 Year Print""}]",1,12,"1.00",NA,Anu Test Developer Account,Cc Avenue,,"25.00",,"1.00"
7353,B2B-7032,19-05-2026,sumathibadugula@gmail.com,Badugula,SUMATHI,9494148635,"","B-17, Pleasant Valley, Senior Police Officers Quarters, Road No. 10 C, Jubilee Hills, Hyderabad","B-17, Pleasant Valley, Senior Police Officers Quarters, Road No. 10 C, Jubilee Hills, Hyderabad",Hyderabad,Telangana,IN,500033,Vogue + GQ + AD + CNT Magazines Combo,"0.00","15.00","990.00000000","5610.00000000","[{""Subscription"":""1 Years Print""}]",1,22,"2999.00",NA,Conde Nast India Pvt Ltd,Cc Avenue,,"15.00",2549.15,"2999.00"
7355,B2B-7033,19-05-2026,anilreddy006@gmail.com,Anil,Reddy,9966610412,"","Plot No 242 Pardasaradhi Nagar, Behind Narayana School","Near Richmond Villas, OPP Radio Station, Kodumur Road",Kurnool,"",IN,518003,National Geographic Kids,"0.00","15.00","108.00000000","612.00000000","[{""Subscription"":""1 Year""}]",1,12,"600.00",NA,MM PUBLICATIONS LTD,Cc Avenue,,"15.00","510.00","600.00"
7356,B2B-7034,20-05-2026,ronika@indiamags.com,Ronika,M,1234567890,"",Mumbai,Mumbai,Mumbai,Maharashtra,IN,123456,test product,"0.00","15.00","0.75000000","4.25000000","[{""Subscription"":""1 Year Print""}]",1,12,"1.00",NA,Anu Test Developer Account,Cc Avenue,,"25.00",,"1.00"
7357,B2B-7035,20-05-2026,globesubage@gmail.com,Mr.,Kiran Renewal,9959900290,Globe Subscription Agency,"3-4-870/1,","Barkatpura,",Hyderabad,Telangana,IN,500027,The Economist,"0.00","30.00","5370.00000000","12530.00000000","[{""Subscription"":""1 Year Print + 1 Year Digital""}]",1,51,"13962.00",NA,The Economist Newspaper Limited,Cheque/Funds Transfer,,"30.00",,"13962.00"
7358,B2B-7036,20-05-2026,globesubage@gmail.com,Mr.,Raghu Renewal,9959900290,Globe Subscription Agency,"3-4-870/1,","Barkatpura,",Hyderabad,Telangana,IN,500027,The Economist,"0.00","30.00","5370.00000000","12530.00000000","[{""Subscription"":""1 Year Print + 1 Year Digital""}]",1,51,"13962.00",NA,The Economist Newspaper Limited,Cheque/Funds Transfer,,"30.00",,"13962.00"
7359,B2B-7037,20-05-2026,globesubage@gmail.com,Mr.,Raghuveer Renewal,9959900290,Globe Subscription Agency,"3-4-870/1, ","Barkatpura,",Hyderabad,Telangana,IN,500027,The Economist,"0.00","30.00","5370.00000000","12530.00000000","[{""Subscription"":""1 Year Print + 1 Year Digital""}]",1,51,"13962.00",NA,The Economist Newspaper Limited,Cheque/Funds Transfer,,"30.00",,"13962.00"
7360,B2B-7038,20-05-2026,globesubage@gmail.com,Mr.,Nagesh Renewal,9959900290,Globe Subscription Agency,"3-4-870/1,","Barkatpura,",Hyderabad,Telangana,IN,500027,The Economist,"0.00","30.00","5370.00000000","12530.00000000","[{""Subscription"":""1 Year Print + 1 Year Digital""}]",1,51,"13962.00",NA,The Economist Newspaper Limited,Cheque/Funds Transfer,,"30.00",,"13962.00"
7361,B2B-7039,20-05-2026,globesubage@gmail.com,Mr.,Mallesh Renewal,9959900290,Globe Subscription Agency,"3-4-870/1, ","Barkatpura, ",Hyderabad,Telangana,IN,500027,The Economist,"0.00","30.00","5370.00000000","12530.00000000","[{""Subscription"":""1 Year Print + 1 Year Digital""}]",1,51,"13962.00",NA,The Economist Newspaper Limited,Cheque/Funds Transfer,,"30.00",,"13962.00"
7362,B2B-7040,20-05-2026,globesubage@gmail.com,Mr.,Rajesh Renewal,9959900290,Globe Subscription Agency,"3-4-870/1,","Barkatpura,",Hyderabad,Telangana,IN,500027,The Economist,"0.00","30.00","5370.00000000","12530.00000000","[{""Subscription"":""1 Year Print + 1 Year Digital""}]",1,51,"13962.00",NA,The Economist Newspaper Limited,Cheque/Funds Transfer,,"30.00",,"13962.00"
7363,B2B-7041,20-05-2026,globesubage@gmail.com,Mr.,Raghuram Renewal,9959900290,Globe Subscription Agency,"3-4-870/1,","Barkatpura,",Hyderabad,Telangana,IN,500027,The Economist,"0.00","30.00","5370.00000000","12530.00000000","[{""Subscription"":""1 Year Print + 1 Year Digital""}]",1,51,"13962.00",NA,The Economist Newspaper Limited,Cheque/Funds Transfer,,"30.00",,"13962.00"
7364,B2B-7042,20-05-2026,ronika@indiamags.com,Ronika,M,1234567890,"",Mumbai,Mumbai,Mumbai,Maharashtra,IN,123456,Outlook Business,"0.00","10.00","120.00000000","1080.00000000","[{""Subscription"":""1 Year""}]",1,12 ,"999.00",NA,Outlook Publishing India Pvt Ltd,Cheque/Funds Transfer,,"10.00",,"999.00"
7365,B2B-7043,20-05-2026,Dipa33@hotmail.com,Ashwani ,Kumar,9818343045,"","9 Shriji apartment, 2nd floor","2nd lane panchwati, 20 giriraj colony",Ahmedabad,Gujarat,IN,380006,Readers Digest India,"0.00","11.00","165.00000000","1335.00000000","[{""Subscription"":""1 Year""}]",1,12 ,"1299.00",NA,Living Media India Ltd.- Reader's Digest,Cc Avenue,,"11.00",1156.11,"1299.00"
7366,B2B-7044,20-05-2026,Dipa33@hotmail.com,A,Kumar ,9818343045,"","9 Shriji apartment, 2nd floor","2nd lane panchwati, 20 giriraj colony",Ahmedabad,Gujarat,IN,380006,The Week,"0.00","15.00","624.00000000","3536.00000000","[{""Subscription"":""1 Year Print""}]",1,52,"1799.00",NA,Malayala Manorama Co. Ltd,Cc Avenue,,"15.00",1529.15,"1799.00"
7367,B2B-7045,20-05-2026,manojmehta.ca@gmail.com,Prakash,Mehta,9829794276,VardaSustain Consulting Pvt. Ltd.,"3-BH-2, Sector - 5, Prabhat Nagar","Hiran Magri, Behind SBI",udaipur,Rajasthan,IN,313002,India Today Hindi,"0.00","10.00","312.00000000","2808.00000000","[{""Subscription"":""1 Year Print""}]",1,52,"2699.00",NA,Living Media India Ltd,Cc Avenue,,"10.00","2429.10","2699.00"
7368,B2B-7046,20-05-2026,shashimtelang@gmail.com,Shashim,Telang,9370769658,"",Samata Colony Near ST Workshop Chowk ,Tukum,Chandrapur,Maharashtra,IN,442401,PC Quest Magazine,,"20.00",,,"[{""Subscription"":""1 Year Courier""}]",1,12 ,"2000.00",NA,Cyber Media (India) Ltd,Cc Avenue,,"20.00","1700.00","2000.00"
7370,B2B-7047,21-05-2026,Anishachhabra23@gmail.com,Anisha,Chhabra,7357893106,"","D-1, sector 3 Ridhi-sdhi 1st",Near blue flats,Sriganganagar,Rajasthan,IN,335001,Femina,"0.00","10.00","120.00000000","1080.00000000","[{""Subscription"":""1 Year""}]",1,12,"1200.00",NA,Worldwide Media Pvt. Ltd.,Cc Avenue,,"10.00","1080.00","1200.00"
7371,B2B-7048,21-05-2026,ronika@indiamags.com,Ronika,M,1234567890,"",Mumbai,Mumbai,Mumbai,Maharashtra,IN,123456,test product,"0.00","15.00","0.75000000","4.25000000","[{""Subscription"":""1 Year Print""}]",1,12,"1.00",NA,Anu Test Developer Account,Cheque/Funds Transfer,,"25.00",,"1.00"
7372,B2B-7049,21-05-2026,achu1973@hotmail.com,ACHUTHANANDAN,KP,7034166662,AKBAR TRAVELS OF INDIA,SREEVIHAR  NAGAPARAMBU,NADUVATTAM  MALAPPURAM,KUTTIPPURAM,Kerala,IN,679571,Business India,"0.00","20.00","520.00000000","2080.00000000","[{""Subscription"":""1 Years""}]",1,26,"2210.00",NA,BUSINESS INDIA PUBLICATIONS LTD,Cc Avenue,,"20.00","1768.00","2210.00"
7373,B2B-7050,21-05-2026,ashish.c112@gmail.com,Ashish,Chaudhary,8073660915,"","F502, Sumadhura Eden Garden, Behind Atal Biari Botanical Garden","Doddabanahalli, Kannamangala",Bangalore,Karnataka,IN,560067,Filmfare,"0.00","10.00","120.00000000","1080.00000000","[{""Subscription"":""1 Years""}]",1,12,"1200.00",NA,Worldwide Media Pvt. Ltd.,Cc Avenue,,"10.00","1080.00","1200.00"
7374,B2B-7051,21-05-2026,priyankaydavpatil51184@gmail.com,Priyanka,Patil,9604203333,"",Samarth bunglow residence of IGP Nagpur police range,Opposite telankhedi gardens Civil Lines,Nagpur,Maharashtra,IN,440001,National Geographic Kids,"0.00","15.00","108.00000000","612.00000000","[{""Subscription"":""1 Year""}]",1,12,"600.00",NA,MM PUBLICATIONS LTD,Cc Avenue,,"15.00","510.00","600.00"
7375,B2B-7052,22-05-2026,ronika@indiamags.com,Ronika,M,1234567890,"",Mumbai,Mumbai,Mumbai,Maharashtra,IN,123456,test product,"0.00","15.00","0.75000000","4.25000000","[{""Subscription"":""1 Year Print""}]",1,12,"1.00",NA,Anu Test Developer Account,Cc Avenue,,"25.00",,"1.00"
7376,B2B-7053,22-05-2026,angoorprakashan@gmail.com,Mr. ,Ragesh Renewal ,9682177150,"","Military Dental Centre, Premnagar",Indian Military Academy,Dehradun,Uttarakhand,IN,248007,Femina + Filmfare + Grazia Magazine Combo,"0.00","10.00","420.00000000","3780.00000000","[{""Subscription"":""1 Year""}]",1,36,"3360.00",NA,Worldwide Media Pvt. Ltd.,Cheque/Funds Transfer,,"10.00","3834.00","9958.00"
7376,B2B-7053,22-05-2026,angoorprakashan@gmail.com,Mr. ,Ragesh Renewal ,9682177150,"","Military Dental Centre, Premnagar",Indian Military Academy,Dehradun,Uttarakhand,IN,248007,Good Homes India,"0.00","10.00","90.00000000","810.00000000","[{""Subscription"":""1 Year Print""}]",1,6,"900.00",NA,Worldwide Media Pvt. Ltd.,Cheque/Funds Transfer,,"10.00","3834.00","9958.00"
7376,B2B-7054,22-05-2026,angoorprakashan@gmail.com,Mr. ,Ragesh Renewal ,9682177150,"","Military Dental Centre, Premnagar",Indian Military Academy,Dehradun,Uttarakhand,IN,248007,Grihshobha Hindi,"0.00","15.00","277.20000000","1570.80000000","[{""Subscription"":""1 Year Reg.Post""}]",1,24,"1399.00",NA,Delhi Prakashan Vitran Pte Ltd,Cheque/Funds Transfer,,"15.00",1189.15,"9958.00"
7376,B2B-7055,22-05-2026,angoorprakashan@gmail.com,Mr. ,Ragesh Renewal ,9682177150,"","Military Dental Centre, Premnagar",Indian Military Academy,Dehradun,Uttarakhand,IN,248007,Readers Digest India,"0.00","11.00","165.00000000","1335.00000000","[{""Subscription"":""1 Year""}]",1,12 ,"1299.00",NA,Living Media India Ltd.- Reader's Digest,Cheque/Funds Transfer,,"11.00",1156.11,"9958.00"
7376,B2B-7056,22-05-2026,angoorprakashan@gmail.com,Mr. ,Ragesh Renewal ,9682177150,"","Military Dental Centre, Premnagar",Indian Military Academy,Dehradun,Uttarakhand,IN,248007,Pratiyogita Darpan English + Hindi Magazine Combo,"295.00","10.00","322.50000000","3197.50000000","[{""Subscription"":""1 Year""}]",1,24,"3000.00",NA,Pratiyogita Darpan,Cheque/Funds Transfer,,"10.00","2729.50","9958.00"
7377,B2B-7057,22-05-2026,toobihar2good@gmail.com,Commanding,"Officer, 2 BIHAR",8699913681,Abohar Military Station,2nd Battalion the BIhar Regiment (Indian Army),"2 BIHAR, ",Punjab,Punjab,IN,152116,Autocar India,"0.00","15.00","360.00000000","2040.00000000","[{""Subscription"":""1 Year Reg.Post""}]",1,12,"1320.00",50% CASH DISCOUNT + GET COPY THROUGH REGISTERED POST,Motowalks Technologies Private Limited,Cheque/Funds Transfer,,"15.00","1122.00","2940.00"
7377,B2B-7058,22-05-2026,toobihar2good@gmail.com,Commanding,"Officer, 2 BIHAR",8699913681,Abohar Military Station,2nd Battalion the BIhar Regiment (Indian Army),"2 BIHAR, ",Punjab,Punjab,IN,152116,T3 India,"0.00","20.00","432.00000000","1728.00000000","[{""Subscription"":""1 Year""}]",1,12,"1620.00",NA,Next Gen Publishing Ltd,Cheque/Funds Transfer,,"20.00","1296.00","2940.00"
7378,B2B-7059,22-05-2026,vivek.sharma.pgd2022@iimu.ac.in,Vivek,Sharma,9251877494,"","Gate No 1, IEVO",Iraj Evolution Design,Udaipur,Rajasthan,IN,313011,Hotelier India,"0.00","15.00","360.00000000","2040.00000000","[{""Subscription"":""1 Year""}]",1,12,"2400.00",NA,ITP MEDIA (INDIA) PVT LTD,Cc Avenue,,"15.00","2040.00","2400.00"
7379,B2B-7060,22-05-2026,Anishachhabra23@gmail.com,Anisha,Chhabra,7357893106,"","Adarsh colony,Bus stand road,",Near Batra Dharamshala,Anoopgarh,Rajasthan,IN,335701,Grihshobha Hindi,"0.00","15.00","277.20000000","1570.80000000","[{""Subscription"":""1 Year Reg.Post""}]",1,24,"1399.00",NA,Delhi Prakashan Vitran Pte Ltd,Cc Avenue,,"15.00",1189.15,"1399.00"
7380,B2B-7061,23-05-2026,dangeashwin@gmail.com,Ashwin,Dange,9900482011,"","#21, 6th Main, 3rd Block",Jayalakshmi Puram,Mysuru,Karnataka,IN,570012,National Geographic Kids,"0.00","15.00","108.00000000","612.00000000","[{""Subscription"":""1 Year""}]",1,12,"600.00",NA,MM PUBLICATIONS LTD,Cc Avenue,,"15.00","510.00","600.00"
7381,B2B-7062,23-05-2026,goverdhan@uxl.tech,Goverdhan,Jayaram,9845101978,UXL Technolopgies,"Post Box Number 7844,  UXL Technologies 18-19 1st Main, Silver Oak Street","Silver Oak Layout, JP Nagar, 7 Phase",Bengaluru,Karnataka,IN,560078,Happiest Health Magazine,"0.00","20.00","480.00000000","1920.00000000","[{""Subscription"":""1 Year""}]",1,12,"2100.00",NA,HAPPIEST HEALTH SYSTEMS PRIVATE LIMITED,Cc Avenue,,"20.00","1680.00","2100.00"
7382,B2B-7063,23-05-2026,goverdhan@uxl.tech,Goverdhan,Jayaram,9845101978,UXL Technolopgies,"Post Box Number 7844,  UXL Technologies 18-19 1st Main, Silver Oak Street","Silver Oak Layout, JP Nagar, 7 Phase",Bengaluru,Karnataka,IN,560078,Business Today,"0.00","10.00","520.00000000","4680.00000000","[{""Subscription"":""1 Years Print""},{""Frequency"":""Fortnightly""}]",1,26,"2999.00",NA,Living Media India Ltd,Cc Avenue,,"10.00","2699.10","2999.00"
7383,B2B-7064,23-05-2026,Priyesh.pri09@gmail.com,Priyesh,Mishra,7828012565,"","Sr MIG 239, CGHB Colony Phase II","Old Dhamtari Road, Sejbahar",Raipur,Chattisgarh,IN,492015,Champak English,"0.00","15.00","234.00000000","1326.00000000","[{""Subscription"":""1 Year Print""}]",1,24,"1440.00",NA,Delhi Prakashan Vitran Pte Ltd,Cc Avenue,,"15.00","1224.00","1440.00"
7384,B2B-7065,24-05-2026,ashish@hnaindia.com,Ashish ,Chaudhary ,8510950400,HNA,"B78, 4th floor",BPTP Astire Garden sector 70A,Gurgaon ,Haryana,IN,122101,National Geographic Kids,"0.00","15.00","108.00000000","612.00000000","[{""Subscription"":""1 Year""}]",1,12,"600.00",NA,MM PUBLICATIONS LTD,Cc Avenue,,"15.00","510.00","600.00"
7385,B2B-7066,24-05-2026,vishwanatham.sridhar@live.com,Sridhar,vishwanatham,"09440656941","","Ajad Homes, 4th floor, 5-229, jpn nagar ,miyapur","jpn nagar ,miyapur",Hyderabad,Telangana,IN,500049,SciKids,"240.00","30.00","282.00000000","898.00000000","[{""Subscription"":""1 Year""}]",1,12,"940.00",NA,i-manager Publishing Limited,Cc Avenue,,"30.00","730.00","940.00"
7386,B2B-7067,24-05-2026,adarsh.krishna@gmail.com,Adarsh Krishna,Kolavennu,9972030693,"","Flat 201 Brigade Harmony Apartments, Opposite Manipal Hospital",Whitefield Main Road,Bangalore,Karnataka,IN,560066,Autosport UK Edition,"80.00","25.00","519.25000000","1637.75000000","[{""Subscription"":""1 Time""}]",1,1,"2077.00",NA,Media Star Private Limited,Cc Avenue,,"25.00",1637.75,"2157.00"
7390,B2B-7068,25-05-2026,navpreetsingh16@gmail.com,Dr Navpreet ,Singh ,9417120289,"",Navsukh ayurvedic hospital ,"Near St no 8, Rori road,",Talwandi sabo ,"",IN,151302,Tell Me Why,"0.00","15.00","81.00000000","459.00000000","[{""Subscription"":""1 Year Print""}]",1,12,"475.00",NA,MM PUBLICATIONS LTD,Cc Avenue,,"15.00",403.75,"475.00"
7397,B2B-7069,25-05-2026,library.pune@sgischool.in,SEEMA ,SAGAR,7841932081,SANJAY GHODAWAT INTERNATIONAL SCHOOL,"VILLAGE - RAWADE,","TALUKA - MULSHI,",PUNE,Maharashtra,IN,412108,General Knowledge Today,"0.00","18.00","136.80000000","623.20000000","[{""Subscription"":""1 Year""}]",1,12,"760.00",NA,COMPETITION REVIEW PVT LTD,Cheque/Funds Transfer,,"18.00","623.20","3934.00"
7397,B2B-7070,25-05-2026,library.pune@sgischool.in,SEEMA ,SAGAR,7841932081,SANJAY GHODAWAT INTERNATIONAL SCHOOL,"VILLAGE - RAWADE,","TALUKA - MULSHI,",PUNE,Maharashtra,IN,412108,National Geographic Kids,"0.00","15.00","108.00000000","612.00000000","[{""Subscription"":""1 Year""}]",1,12,"600.00",NA,MM PUBLICATIONS LTD,Cheque/Funds Transfer,,"15.00","510.00","3934.00"
7397,B2B-7071,25-05-2026,library.pune@sgischool.in,SEEMA ,SAGAR,7841932081,SANJAY GHODAWAT INTERNATIONAL SCHOOL,"VILLAGE - RAWADE,","TALUKA - MULSHI,",PUNE,Maharashtra,IN,412108,Digit,"0.00","10.00","180.00000000","1620.00000000","[{""Subscription"":""1 Year""}]",1,12,"1299.00",NA,NINE DOT NINE MEDIAWORX PVT. LTD.,Cheque/Funds Transfer,,"10.00","1169.10","3934.00"
7397,B2B-7072,25-05-2026,library.pune@sgischool.in,SEEMA ,SAGAR,7841932081,SANJAY GHODAWAT INTERNATIONAL SCHOOL,"VILLAGE - RAWADE,","TALUKA - MULSHI,",PUNE,Maharashtra,IN,412108,Readers Digest India,"0.00","11.00","165.00000000","1335.00000000","[{""Subscription"":""1 Year""}]",1,12 ,"1299.00",NA,Living Media India Ltd.- Reader's Digest,Cheque/Funds Transfer,,"11.00",1156.11,"3934.00"
7398,B2B-7073,25-05-2026,amitverma1049@gmail.com,Amit ,Verma,8436953531,IDFC First Bank,"1405, W4, Lodha Amara,","Kolshet Road,",Thane,Maharashtra,IN,400607,The Economist,"0.00","30.00","5370.00000000","12530.00000000","[{""Subscription"":""1 Year Print + 1 Year Digital""}]",1,51,"13962.00",NA,The Economist Newspaper Limited,Cheque/Funds Transfer,,"30.00",,"13962.00"
7399,B2B-7074,26-05-2026,mohmaaya.sethi@gmail.com,RAJNISH,KUMAR,8106474033,"","H.NO. - 23/1, SUBHASH NAGAR, SECTOR - 13","MANIMAJRA, CHANDIGARH",CHANDIGARH,Chandigarh,IN,160101,General Knowledge Today,"0.00","18.00","136.80000000","623.20000000","[{""Subscription"":""1 Year""}]",1,12,"760.00",NA,COMPETITION REVIEW PVT LTD,Cc Avenue,,"18.00","623.20","760.00"
7400,B2B-7075,26-05-2026,nabendubiswas81@gmail.com,Nabendu,Biswas,9433063965,"","A1601, Sunrise Greens","Jatragachi, Newtown, Kolkata",Kolkata,West Bengal,IN,700162,National Geographic Kids,"0.00","15.00","108.00000000","612.00000000","[{""Subscription"":""1 Year""}]",1,12,"600.00",NA,MM PUBLICATIONS LTD,Cc Avenue,,"15.00","510.00","600.00"
7402,B2B-7076,26-05-2026,ssp1234@gmail.com,Senthil Pandian,Murugaboopathy,9894122548,"","A6, C-BLOCK, DEVI APARTMENT, ",38/75 SOUTH MADA STREET,THIRUVANMIYUR,Tamil Nadu,IN,600041,National Geographic Kids,"0.00","15.00","108.00000000","612.00000000","[{""Subscription"":""1 Year""}]",1,12,"600.00",NA,MM PUBLICATIONS LTD,Cc Avenue,,"15.00","510.00","600.00"
7403,B2B-7077,26-05-2026,ronika@indiamags.com,Ronika,M,1234567890,"",Mumbai,Mumbai,Mumbai,Maharashtra,IN,123456,test product,"0.00","15.00","0.75000000","4.25000000","[{""Subscription"":""1 Year Print""}]",1,12,"1.00",NA,Anu Test Developer Account,Cheque/Funds Transfer,,"25.00",,"1.00"
7404,B2B-7078,26-05-2026,ratana.singh@gmail.com,Mithlesh,Singh,9704949601,"","404, Palm Grove Apartments","F-5, Sector 50",NOIDA,Uttar Pradesh,IN,201301,Grihlakshmi,"460.00","20.00","168.00000000","1132.00000000","[{""Subscription"":""1 Year""}]",1,12,"840.00",NA,Diamond Magazines Pvt Ltd,Cc Avenue,,"20.00","764.00","1950.00"
7404,B2B-7079,26-05-2026,ratana.singh@gmail.com,Mithlesh,Singh,9704949601,"","404, Palm Grove Apartments","F-5, Sector 50",NOIDA,Uttar Pradesh,IN,201301,Vanitha Hindi,"0.00","15.00","126.00000000","714.00000000","[{""Subscription"":""1 Year""}]",1,12,"650.00",NA,MM PUBLICATIONS LTD,Cc Avenue,,"15.00","552.50","1950.00"
7408,B2B-7080,27-05-2026,mohamedofchennai@gmail.com,Mohamed ,Suhayl S,9940413980,"",No:65 Razia Manzil Anyah by Srisha Properties,2nd Main Street Pudupakkam VGN road,Chennai ,Tamil Nadu,IN,603103,Open Source For You,"0.00","20.00","288.00000000","1152.00000000","[{""Subscription"":""1 Year""}]",1,12,"1150.00",NA,EFY Enterprises Pvt Ltd,Cc Avenue,,"20.00","920.00","2449.00"
7408,B2B-7081,27-05-2026,mohamedofchennai@gmail.com,Mohamed ,Suhayl S,9940413980,"",No:65 Razia Manzil Anyah by Srisha Properties,2nd Main Street Pudupakkam VGN road,Chennai ,Tamil Nadu,IN,603103,Digit,"0.00","10.00","180.00000000","1620.00000000","[{""Subscription"":""1 Year""}]",1,12,"1299.00",NA,NINE DOT NINE MEDIAWORX PVT. LTD.,Cc Avenue,,"10.00","1169.10","2449.00"
7409,B2B-7082,27-05-2026,marketing@shahnn.com,Shah Nanji Nagsi,Exports Pvt Ltd,96840 1911,Shah Nanji Nagsi Exports Pvt Ltd,Govindam Apartment,Block No. UGC 003 UGC 004,Nagpur,Maharashtra,IN,440014,Forbes India Magazine Print,"0.00","15.00","900.00000000","5100.00000000","[{""Subscription"":""1 Year""},{""Frequency"":""Fortnightly""}]",1,27,"3000.00",NA,Digital18 Media Ltd,Cc Avenue,,"15.00","2550.00","3000.00"
7410,B2B-7083,27-05-2026,dpirsmlib@gmail.com,The,Librarian ,9901128685,De Paul International residential school,Mysuru.Belagola (post) ,Srirangapatna (Tq.) Mandya (Dist.),Mandya,Karnataka,IN,571606,Tinkle Magazine Physical,"0.00","20.00","1499.40000000","5997.60000000","[{""Subscription"":""3 Year Courier""}]",2,48,"4999.00",3 Months ACK APP Digital Subscription,Amar Chitra Katha,Cheque/Funds Transfer,,"20.00","7998.40",22623.48
7410,B2B-7084,27-05-2026,dpirsmlib@gmail.com,The,Librarian ,9901128685,De Paul International residential school,Mysuru.Belagola (post) ,Srirangapatna (Tq.) Mandya (Dist.),Mandya,Karnataka,IN,571606,Champak English,"0.00","15.00","234.00000000","1326.00000000","[{""Subscription"":""1 Year Print""}]",1,24,"1440.00",NA,Delhi Prakashan Vitran Pte Ltd,Cheque/Funds Transfer,,"15.00","1224.00",22623.48
7410,B2B-7085,27-05-2026,dpirsmlib@gmail.com,The,Librarian ,9901128685,De Paul International residential school,Mysuru.Belagola (post) ,Srirangapatna (Tq.) Mandya (Dist.),Mandya,Karnataka,IN,571606,Forbes India Magazine Print,"0.00","15.00","900.00000000","5100.00000000","[{""Subscription"":""1 Year""},{""Frequency"":""Fortnightly""}]",1,27,"3000.00",NA,Digital18 Media Ltd,Cheque/Funds Transfer,,"15.00","2550.00",22623.48
7410,B2B-7086,27-05-2026,dpirsmlib@gmail.com,The,Librarian ,9901128685,De Paul International residential school,Mysuru.Belagola (post) ,Srirangapatna (Tq.) Mandya (Dist.),Mandya,Karnataka,IN,571606,Autocar India,"0.00","15.00","360.00000000","2040.00000000","[{""Subscription"":""1 Year Reg.Post""}]",1,12,"1320.00",50% CASH DISCOUNT + GET COPY THROUGH REGISTERED POST,Motowalks Technologies Private Limited,Cheque/Funds Transfer,,"15.00","1122.00",22623.48
7410,B2B-7087,27-05-2026,dpirsmlib@gmail.com,The,Librarian ,9901128685,De Paul International residential school,Mysuru.Belagola (post) ,Srirangapatna (Tq.) Mandya (Dist.),Mandya,Karnataka,IN,571606,National Geographic Kids,"0.00","15.00","108.00000000","612.00000000","[{""Subscription"":""1 Year""}]",1,12,"600.00",NA,MM PUBLICATIONS LTD,Cheque/Funds Transfer,,"15.00","510.00",22623.48
7410,B2B-7088,27-05-2026,dpirsmlib@gmail.com,The,Librarian ,9901128685,De Paul International residential school,Mysuru.Belagola (post) ,Srirangapatna (Tq.) Mandya (Dist.),Mandya,Karnataka,IN,571606,Bike India,"0.00","20.00","360.00000000","1440.00000000","[{""Subscription"":""1 Year""}]",1,12,"1350.00",NA,Next Gen Publishing Ltd,Cheque/Funds Transfer,,"20.00","1080.00",22623.48
7410,B2B-7089,27-05-2026,dpirsmlib@gmail.com,The,Librarian ,9901128685,De Paul International residential school,Mysuru.Belagola (post) ,Srirangapatna (Tq.) Mandya (Dist.),Mandya,Karnataka,IN,571606,Readers Digest India,"0.00","11.00","330.00000000","2670.00000000","[{""Subscription"":""2 Year""}]",1,24,"2199.00",NA,Living Media India Ltd.- Reader's Digest,Cheque/Funds Transfer,,"11.00",1957.11,22623.48
7410,B2B-7090,27-05-2026,dpirsmlib@gmail.com,The,Librarian ,9901128685,De Paul International residential school,Mysuru.Belagola (post) ,Srirangapatna (Tq.) Mandya (Dist.),Mandya,Karnataka,IN,571606,Suppandi The Essential Collection,"0.00","25.00","555.00000000","1665.00000000","[{""Subscription"":""1 Time""}]",1,1,"1998.00",NA,Amar Chitra Katha (Books),Cheque/Funds Transfer,,"30.00","1554.00",22623.48
7410,B2B-7091,27-05-2026,dpirsmlib@gmail.com,The,Librarian ,9901128685,De Paul International residential school,Mysuru.Belagola (post) ,Srirangapatna (Tq.) Mandya (Dist.),Mandya,Karnataka,IN,571606,Viva Football Magazine,"0.00","30.00","432.00000000","1008.00000000","[{""Subscription"":""1 Year""}]",1,12,"1200.00",NA,Viva Consultancy,Cheque/Funds Transfer,,"30.00","840.00",22623.48
7411,B2B-7092,27-05-2026,ronika@indiamags.com,Ronika,M,1234567890,"",Mumbai,Mumbai,Mumbai,Maharashtra,IN,123456,test product,"0.00","15.00","0.75000000","4.25000000","[{""Subscription"":""1 Year Print""}]",1,12,"1.00",NA,Anu Test Developer Account,Cheque/Funds Transfer,,"25.00",,"1.00"
7412,B2B-7093,27-05-2026,madhupharma79@gmail.com,Mady,Gupta ,8384026049,"","Flat no.906 B, edana apartment ",Alpha 1,Greater noida,Uttar Pradesh,IN,201310,Outlook Hindi,"0.00","10.00","60.00000000","540.00000000","[{""Subscription"":""1 Years""}]",1,12,"549.00",NA,Outlook Publishing India Pvt Ltd,Cc Avenue,,"10.00","494.10","549.00"
7414,B2B-7094,28-05-2026,dadge.bhimashankar@gmail.com,Rudra,Dadge,8796408402,"","C -406, Balaji Paradise ",Near Dhayareshwar Temple ,Dhayari,Maharashtra,IN,411041,Tell Me Why,"0.00","15.00","81.00000000","459.00000000","[{""Subscription"":""1 Year Print""}]",1,12,"475.00",NA,MM PUBLICATIONS LTD,Cc Avenue,,"15.00",403.75,"475.00"
7415,B2B-7095,28-05-2026,veay.tm@aai.aero,Terminal,Manager,9369866902,Airports Authority of India,"Terminal Manager Office, Maharishi VaImiki International Airport ","Ayodhya Dham, UP",Ayodhya,Uttar Pradesh,IN,224001,Tinkle Magazine Physical,"0.00","20.00","499.80000000","1999.20000000","[{""Subscription"":""1 Year Courier""}]",3,16,"1799.00",3 Months ACK APP Digital Subscription,Amar Chitra Katha,Cheque/Funds Transfer,,"20.00","4317.60","31941.00"
7415,B2B-7096,28-05-2026,veay.tm@aai.aero,Terminal,Manager,9369866902,Airports Authority of India,"Terminal Manager Office, Maharishi VaImiki International Airport ","Ayodhya Dham, UP",Ayodhya,Uttar Pradesh,IN,224001,Femina,"0.00","10.00","120.00000000","1080.00000000","[{""Subscription"":""1 Year""}]",3,12,"1200.00",NA,Worldwide Media Pvt. Ltd.,Cheque/Funds Transfer,,"10.00","3240.00","31941.00"
7415,B2B-7097,28-05-2026,veay.tm@aai.aero,Terminal,Manager,9369866902,Airports Authority of India,"Terminal Manager Office, Maharishi VaImiki International Airport ","Ayodhya Dham, UP",Ayodhya,Uttar Pradesh,IN,224001,Architecture + Design,"0.00","15.00","360.00000000","2040.00000000","[{""Subscription"":""1 Year""}]",3,12,"1800.00",12 Digital Editions Free ,BURDA MEDIA INDIA PVT LTD,Cheque/Funds Transfer,,"15.00","4590.00","31941.00"
7415,B2B-7098,28-05-2026,veay.tm@aai.aero,Terminal,Manager,9369866902,Airports Authority of India,"Terminal Manager Office, Maharishi VaImiki International Airport ","Ayodhya Dham, UP",Ayodhya,Uttar Pradesh,IN,224001,India Today,"0.00","10.00","520.00000000","4680.00000000","[{""Subscription"":""1 Year Print""}]",3,52,"3299.00",NA,Living Media India Ltd,Cheque/Funds Transfer,,"10.00","8907.30","31941.00"
7415,B2B-7099,28-05-2026,veay.tm@aai.aero,Terminal,Manager,9369866902,Airports Authority of India,"Terminal Manager Office, Maharishi VaImiki International Airport ","Ayodhya Dham, UP",Ayodhya,Uttar Pradesh,IN,224001,Outlook Traveller,"0.00","10.00","90.00000000","810.00000000","[{""Subscription"":""1 Years""}]",3,6 ,"750.00",NA,Outlook Publishing India Pvt Ltd,Cheque/Funds Transfer,,"10.00","2025.00","31941.00"
7415,B2B-7100,28-05-2026,veay.tm@aai.aero,Terminal,Manager,9369866902,Airports Authority of India,"Terminal Manager Office, Maharishi VaImiki International Airport ","Ayodhya Dham, UP",Ayodhya,Uttar Pradesh,IN,224001,The Week,"0.00","15.00","624.00000000","3536.00000000","[{""Subscription"":""1 Year Print""}]",3,52,"1799.00",NA,Malayala Manorama Co. Ltd,Cheque/Funds Transfer,,"15.00",4587.45,"31941.00"
7416,B2B-7101,28-05-2026,bjicentrallibrary@gmail.com,The ,Principal,9544475444,Bishop Jerome Institute,"Fatima College Road,","Kollam,",Kollam,Kerala,IN,691001,Harvard Business Review May/June 2022  Sep/Oct2022   Sep/Oct2023     July/Aug2024 Sep/Oct2024  Nov/Dec2024  Jan/Feb2025  Mar/Apr2025   May/June2025   July/Aug2025  Sep/Oct2025  Nov/Dec2025,"80.00","25.00","375.00000000","1205.00000000","[{""Subscription"":""1 Time""}]",8,1,"1500.00",NA,Media Star Private Limited,Cheque/Funds Transfer,,"25.00","12425.00","16300.00"
7416,B2B-7101,28-05-2026,bjicentrallibrary@gmail.com,The ,Principal,9544475444,Bishop Jerome Institute,"Fatima College Road,","Kollam,",Kollam,Kerala,IN,691001,Harvard Business Review May/June 2022  Sep/Oct2022   Sep/Oct2023     July/Aug2024 Sep/Oct2024  Nov/Dec2024  Jan/Feb2025  Mar/Apr2025   May/June2025   July/Aug2025  Sep/Oct2025  Nov/Dec2025,"80.00","25.00","437.50000000","1392.50000000","[{""Subscription"":""1 Time""}]",2,1,"1750.00",NA,Media Star Private Limited,Cheque/Funds Transfer,,"25.00","12425.00","16300.00"
7417,B2B-7102,28-05-2026,chhavi.mris46@mris.edu.in,Dr.,Chhavi Jain,9911364229,Manav Rachna International School,Manav Rachna International School,Sector 46,Gurugram ,Haryana,IN,122001,Tinkle Magazine Physical,"0.00","20.00","499.80000000","1999.20000000","[{""Subscription"":""1 Year Courier""}]",1,16,"1799.00",3 Months ACK APP Digital Subscription,Amar Chitra Katha,Cheque/Funds Transfer,,"20.00","1439.20","29802.00"
7417,B2B-7103,28-05-2026,chhavi.mris46@mris.edu.in,Dr.,Chhavi Jain,9911364229,Manav Rachna International School,Manav Rachna International School,Sector 46,Gurugram ,Haryana,IN,122001,"RobinAge India&#039;s Favourite Newspaper for Children","1199.00","20.00","576.00000000","3503.00000000","[{""Subscription"":""1 Year""}]",1,24,"2499.00",Free Digital Subscription,Deep Prakash,Cheque/Funds Transfer,,"20.00","2239.00","29802.00"
7417,B2B-7104,28-05-2026,chhavi.mris46@mris.edu.in,Dr.,Chhavi Jain,9911364229,Manav Rachna International School,Manav Rachna International School,Sector 46,Gurugram ,Haryana,IN,122001,Champak English,"0.00","15.00","234.00000000","1326.00000000","[{""Subscription"":""1 Year Print""}]",1,24,"1440.00",NA,Delhi Prakashan Vitran Pte Ltd,Cheque/Funds Transfer,,"15.00","3835.20","29802.00"
7417,B2B-7104,28-05-2026,chhavi.mris46@mris.edu.in,Dr.,Chhavi Jain,9911364229,Manav Rachna International School,Manav Rachna International School,Sector 46,Gurugram ,Haryana,IN,122001,Highlights Genies,"0.00","15.00","163.80000000","928.20000000","[{""Subscription"":""1 Year Print""}]",1,12,"912.00",NA,Delhi Prakashan Vitran Pte Ltd,Cheque/Funds Transfer,,"15.00","3835.20","29802.00"
7417,B2B-7104,28-05-2026,chhavi.mris46@mris.edu.in,Dr.,Chhavi Jain,9911364229,Manav Rachna International School,Manav Rachna International School,Sector 46,Gurugram ,Haryana,IN,122001,Highlights Champs,"0.00","15.00","163.80000000","928.20000000","[{""Subscription"":""1 Years Print""}]",1,12,"912.00",NA,Delhi Prakashan Vitran Pte Ltd,Cheque/Funds Transfer,,"15.00","3835.20","29802.00"
7417,B2B-7104,28-05-2026,chhavi.mris46@mris.edu.in,Dr.,Chhavi Jain,9911364229,Manav Rachna International School,Manav Rachna International School,Sector 46,Gurugram ,Haryana,IN,122001,Champak Hindi,"0.00","15.00","259.20000000","1468.80000000","[{""Subscription"":""1 Years Print""}]",1,24,"1248.00",NA,Delhi Prakashan Vitran Pte Ltd,Cheque/Funds Transfer,,"15.00","3835.20","29802.00"
7417,B2B-7105,28-05-2026,chhavi.mris46@mris.edu.in,Dr.,Chhavi Jain,9911364229,Manav Rachna International School,Manav Rachna International School,Sector 46,Gurugram ,Haryana,IN,122001,Entrepreneur,"0.00","15.00","525.00000000","2975.00000000","[{""Subscription"":""1 Year""}]",1,12,"3200.00",NA,The Franchising World,Cheque/Funds Transfer,,"15.00","2720.00","29802.00"
7417,B2B-7106,28-05-2026,chhavi.mris46@mris.edu.in,Dr.,Chhavi Jain,9911364229,Manav Rachna International School,Manav Rachna International School,Sector 46,Gurugram ,Haryana,IN,122001,Autocar India,"0.00","15.00","360.00000000","2040.00000000","[{""Subscription"":""1 Year Reg.Post""}]",1,12,"1320.00",50% CASH DISCOUNT + GET COPY THROUGH REGISTERED POST,Motowalks Technologies Private Limited,Cheque/Funds Transfer,,"15.00","1122.00","29802.00"
7417,B2B-7107,28-05-2026,chhavi.mris46@mris.edu.in,Dr.,Chhavi Jain,9911364229,Manav Rachna International School,Manav Rachna International School,Sector 46,Gurugram ,Haryana,IN,122001,India Today,"0.00","10.00","520.00000000","4680.00000000","[{""Subscription"":""1 Year Print""}]",1,52,"3299.00",NA,Living Media India Ltd,Cheque/Funds Transfer,,"10.00","2969.10","29802.00"
7417,B2B-7108,28-05-2026,chhavi.mris46@mris.edu.in,Dr.,Chhavi Jain,9911364229,Manav Rachna International School,Manav Rachna International School,Sector 46,Gurugram ,Haryana,IN,122001,National Geographic Kids,"0.00","15.00","108.00000000","612.00000000","[{""Subscription"":""1 Year""}]",1,12,"550.00",NA,MM PUBLICATIONS LTD,Cheque/Funds Transfer,,"15.00",1848.75,"29802.00"
7417,B2B-7108,28-05-2026,chhavi.mris46@mris.edu.in,Dr.,Chhavi Jain,9911364229,Manav Rachna International School,Manav Rachna International School,Sector 46,Gurugram ,Haryana,IN,122001,Magic Pot,"0.00","15.00","234.00000000","1326.00000000","[{""Subscription"":""1 Years""}]",1,52 ,"1200.00",NA,MM PUBLICATIONS LTD,Cheque/Funds Transfer,,"15.00",1848.75,"29802.00"
7417,B2B-7108,28-05-2026,chhavi.mris46@mris.edu.in,Dr.,Chhavi Jain,9911364229,Manav Rachna International School,Manav Rachna International School,Sector 46,Gurugram ,Haryana,IN,122001,Tell Me Why,"0.00","15.00","81.00000000","459.00000000","[{""Subscription"":""1 Year Print""}]",1,12,"425.00",NA,MM PUBLICATIONS LTD,Cheque/Funds Transfer,,"15.00",1848.75,"29802.00"
7417,B2B-7109,28-05-2026,chhavi.mris46@mris.edu.in,Dr.,Chhavi Jain,9911364229,Manav Rachna International School,Manav Rachna International School,Sector 46,Gurugram ,Haryana,IN,122001,The Week,"0.00","15.00","624.00000000","3536.00000000","[{""Subscription"":""1 Year Print""}]",1,52,"1799.00",NA,Malayala Manorama Co. Ltd,Cheque/Funds Transfer,,"15.00",1529.15,"29802.00"
7417,B2B-7110,28-05-2026,chhavi.mris46@mris.edu.in,Dr.,Chhavi Jain,9911364229,Manav Rachna International School,Manav Rachna International School,Sector 46,Gurugram ,Haryana,IN,122001,Smart Photography,"0.00","20.00","480.00000000","1920.00000000","[{""Subscription"":""1 Year""}]",1,12,"1800.00",NA,Next Gen Publishing Ltd,Cheque/Funds Transfer,,"20.00","1440.00","29802.00"
7417,B2B-7111,28-05-2026,chhavi.mris46@mris.edu.in,Dr.,Chhavi Jain,9911364229,Manav Rachna International School,Manav Rachna International School,Sector 46,Gurugram ,Haryana,IN,122001,Readers Digest India,"0.00","11.00","165.00000000","1335.00000000","[{""Subscription"":""1 Year""}]",1,12 ,"1299.00",NA,Living Media India Ltd.- Reader's Digest,Cheque/Funds Transfer,,"11.00",1156.11,"29802.00"
7417,B2B-7112,28-05-2026,chhavi.mris46@mris.edu.in,Dr.,Chhavi Jain,9911364229,Manav Rachna International School,Manav Rachna International School,Sector 46,Gurugram ,Haryana,IN,122001,Biology Today,"0.00","25.00","225.00000000","675.00000000","[{""Subscription"":""1 Years""}]",1,12,"749.00",NA,Life Positive Pvt Ltd,Cheque/Funds Transfer,,"25.00",561.75,"29802.00"
7417,B2B-7113,28-05-2026,chhavi.mris46@mris.edu.in,Dr.,Chhavi Jain,9911364229,Manav Rachna International School,Manav Rachna International School,Sector 46,Gurugram ,Haryana,IN,122001,Chemistry Today,"0.00","15.00","135.00000000","765.00000000","[{""Subscription"":""1 Years""}]",1,12,"749.00",NA,MTG Learning Media Pvt Ltd,Cheque/Funds Transfer,,"15.00",1909.95,"29802.00"
7417,B2B-7113,28-05-2026,chhavi.mris46@mris.edu.in,Dr.,Chhavi Jain,9911364229,Manav Rachna International School,Manav Rachna International School,Sector 46,Gurugram ,Haryana,IN,122001,Mathematics Today,"0.00","15.00","135.00000000","765.00000000","[{""Subscription"":""1 Years""}]",1,12,"749.00",NA,MTG Learning Media Pvt Ltd,Cheque/Funds Transfer,,"15.00",1909.95,"29802.00"
7417,B2B-7113,28-05-2026,chhavi.mris46@mris.edu.in,Dr.,Chhavi Jain,9911364229,Manav Rachna International School,Manav Rachna International School,Sector 46,Gurugram ,Haryana,IN,122001,Physics For You,"0.00","15.00","135.00000000","765.00000000","[{""Subscription"":""1 Years""}]",1,12,"749.00",NA,MTG Learning Media Pvt Ltd,Cheque/Funds Transfer,,"15.00",1909.95,"29802.00"
7417,B2B-7114,28-05-2026,chhavi.mris46@mris.edu.in,Dr.,Chhavi Jain,9911364229,Manav Rachna International School,Manav Rachna International School,Sector 46,Gurugram ,Haryana,IN,122001,SciKids,"240.00","30.00","282.00000000","898.00000000","[{""Subscription"":""1 Year""}]",1,12,"940.00",NA,i-manager Publishing Limited,Cheque/Funds Transfer,,"30.00","1460.00","29802.00"
7417,B2B-7114,28-05-2026,chhavi.mris46@mris.edu.in,Dr.,Chhavi Jain,9911364229,Manav Rachna International School,Manav Rachna International School,Sector 46,Gurugram ,Haryana,IN,122001,Skippy Kids,"240.00","30.00","282.00000000","898.00000000","[{""Subscription"":""1 Year""}]",1,12,"940.00",NA,i-manager Publishing Limited,Cheque/Funds Transfer,,"30.00","1460.00","29802.00"
7417,B2B-7115,28-05-2026,chhavi.mris46@mris.edu.in,Dr.,Chhavi Jain,9911364229,Manav Rachna International School,Manav Rachna International School,Sector 46,Gurugram ,Haryana,IN,122001,"Children&#039;s  World Magazine","0.00","15.00","90.00000000","510.00000000","[{""Subscription"":""1 Years""}]",1,12,"550.00",NA,Children’s Book Trust,Cheque/Funds Transfer,,"15.00","467.50","29802.00"
7417,B2B-7116,28-05-2026,chhavi.mris46@mris.edu.in,Dr.,Chhavi Jain,9911364229,Manav Rachna International School,Manav Rachna International School,Sector 46,Gurugram ,Haryana,IN,122001,The Paper Planes Journal,"0.00","30.00","450.00000000","1050.00000000","[{""Subscription"":""1 Year""}]",1,6,"1350.00",NA,The Antonym Council of Global Arts and Literature,Cheque/Funds Transfer,,"30.00","945.00","29802.00"
7419,B2B-7117,29-05-2026,ronika@indiamags.com,Ronika,M,1234567890,"",Mumbai,Mumbai,Mumbai,Maharashtra,IN,123456,Femina,"0.00","10.00","120.00000000","1080.00000000","[{""Subscription"":""1 Year""}]",1,12,"1200.00",NA,Worldwide Media Pvt. Ltd.,Cheque/Funds Transfer,,"10.00",,"1200.00"
7420,B2B-7118,29-05-2026,sharmacs87@gmail.com,CHETNA,SHARMA,9891895731,"",REYANSH SHARMA C/O CHETNA SHARMA,H NO 628 SECTOR 21-D NEAR POLICE CHOWKI,FARIDABAD HARYANA,Haryana,IN,121001,"RobinAge India&#039;s Favourite Newspaper for Children","1199.00","20.00","576.00000000","3503.00000000","[{""Subscription"":""1 Year""}]",1,24,"2499.00",Free Digital Subscription,Deep Prakash,Cc Avenue,,"20.00",,"2499.00"
7391,B2B-7119,25-05-2026,vijayrajeev202@gmail.com,R Vijay ,Krishnan ,9947136755,"","3 D, Madhavam Apartments ","Near Kuttumuck Mahadeva Temple, Ramavarmapuram p o ",Thrissur ,Kerala,IN,680631,Competition Success Review + General Knowledge Today,"0.00","18.00","394.20000000","1795.80000000","[{""Subscription"":""1 Year""}]",1,24,"1760.00",NA,COMPETITION REVIEW PVT LTD,Cc Avenue,,"18.00","1443.20","1760.00"
7421,B2B-7120,29-05-2026,kanwalj@gmail.com,Kanwaljit,Singh,9878288044,"","20/1, C/o I.P.Singh, Upper Chakkar,", near Hotel Snow Valley heights,Shimla,Himachal Pradesh,IN,171005,General Knowledge Today,"0.00","18.00","136.80000000","623.20000000","[{""Subscription"":""1 Year""}]",1,12,"760.00",NA,COMPETITION REVIEW PVT LTD,Cc Avenue,,"18.00",,"760.00"
7422,B2B-7121,30-05-2026,nithin.m.tele@gmail.com,Nithin,M,8861225913,"",Bengaluru,"The Ark, 1653,4th block SMV layout, Doddabasti main road, Bangalore",Bengaluru,Karnataka,IN,560056,National Geographic Kids,"0.00","15.00","108.00000000","612.00000000","[{""Subscription"":""1 Year""}]",1,12,"600.00",NA,MM PUBLICATIONS LTD,Cc Avenue,,"15.00",,"600.00"
7424,B2B-7122,30-05-2026,godseishan@gmail.com,ISHAN ,GODSE,9819230430,"","D-1202, PEBBLES2 SOCIETY","BEHIND DSK TOYOTA SHOWROOM, BAVDHAN",PUNE,Maharashtra,IN,411021,National Geographic Kids,"0.00","15.00","108.00000000","612.00000000","[{""Subscription"":""1 Year""}]",1,12,"600.00",NA,MM PUBLICATIONS LTD,Cc Avenue,,"15.00",,"600.00"
7425,B2B-7123,30-05-2026,bh3mika@gmail.com,Bhumika,B,6267575677,"",Sant kanwar ram chowk ,Matadewalaya ward ,Bhatapara ,Chattisgarh,IN,493118,INDIAN LITERATURE Journal,"0.00","25.00","125.00000000","375.00000000","[{""Subscription"":""1 Year""}]",1,6,"500.00",NA,Sahitya Akademi,Cc Avenue,,"25.00",,"500.00"
7426,B2B-7124,31-05-2026,chitravsa@gmail.com,Chitra,Srinivasan,9591792444,Home,"Villa 74, Casagrand Aqua","Rajagopal nagar, Kuniyamuthur ",Coimbatore ,"",IN,641008,National Geographic Kids,"0.00","15.00","108.00000000","612.00000000","[{""Subscription"":""1 Year""}]",1,12,"600.00",NA,MM PUBLICATIONS LTD,Cc Avenue,,"15.00",,"600.00"
7428,B2B-7125,31-05-2026,bobbyprathikshana@gmail.com,Bobby Prathikshana,M,9443790302,Thorogood Associates ,"First Floor, flat no 6, building no 78, sri lakshmi nilaya, mottapanpalya,  Indiranagar ","Mottapanpalya, Indiranagar ",Bangalore,Karnataka,IN,560038,BW Health Care World,"0.00","15.00","270.00000000","1530.00000000","[{""Subscription"":""1 Year""}]",1,6,"1599.00",NA,BW Business World Media Pvt Ltd,Cc Avenue,,"15.00",,"2559.00"
7428,B2B-7126,31-05-2026,bobbyprathikshana@gmail.com,Bobby Prathikshana,M,9443790302,Thorogood Associates ,"First Floor, flat no 6, building no 78, sri lakshmi nilaya, mottapanpalya,  Indiranagar ","Mottapanpalya, Indiranagar ",Bangalore,Karnataka,IN,560038,Dataquest,"0.00","20.00","360.00000000","1440.00000000","[{""Subscription"":""1 Year Normal Post""}]",1,12,"960.00",NA,Cyber Media (India) Ltd,Cc Avenue,,"20.00",,"2559.00"
7430,B2B-7127,31-05-2026,drpksingh101@gmail.com,Dr Pramod kumar,Singh,9955996888,"",Mahabir Asthan (Near Rajendra Vidyalaya),"Rajeshwari complex, 1st floor, above divya med centre",Sasaram,Bihar,IN,821115,Vanitha Hindi,"0.00","15.00","126.00000000","714.00000000","[{""Subscription"":""1 Year""}]",1,12,"650.00",NA,MM PUBLICATIONS LTD,Cc Avenue,,"15.00",,"650.00"
7432,B2B-7128,31-05-2026,riyazkannol@gmail.com,Muhammed ,Riyaz ,9447209294,"Services Section, Secretariat ",Services Section,Secretariat ,Kavaratti ,Lakshwadeep,IN,682555,National Geographic Kids,"0.00","15.00","108.00000000","612.00000000","[{""Subscription"":""1 Year""}]",1,12,"600.00",NA,MM PUBLICATIONS LTD,Cc Avenue,,"15.00",,"600.00"
